/*
SQLyog Ultimate v13.1.1 (64 bit)
MySQL - 10.1.21-MariaDB : Database - db_amprah
*********************************************************************
*/

/*!40101 SET NAMES utf8 */;

/*!40101 SET SQL_MODE=''*/;

/*!40014 SET @OLD_UNIQUE_CHECKS=@@UNIQUE_CHECKS, UNIQUE_CHECKS=0 */;
/*!40014 SET @OLD_FOREIGN_KEY_CHECKS=@@FOREIGN_KEY_CHECKS, FOREIGN_KEY_CHECKS=0 */;
/*!40101 SET @OLD_SQL_MODE=@@SQL_MODE, SQL_MODE='NO_AUTO_VALUE_ON_ZERO' */;
/*!40111 SET @OLD_SQL_NOTES=@@SQL_NOTES, SQL_NOTES=0 */;
CREATE DATABASE /*!32312 IF NOT EXISTS*/`db_amprah` /*!40100 DEFAULT CHARACTER SET latin1 */;

USE `db_amprah`;

/*Table structure for table `tb_amprah` */

DROP TABLE IF EXISTS `tb_amprah`;

CREATE TABLE `tb_amprah` (
  `id` int(11) NOT NULL AUTO_INCREMENT,
  `reqno` varchar(20) NOT NULL,
  `tanggal_req` date DEFAULT NULL,
  `waktu_req` varchar(20) DEFAULT NULL,
  `kode_r` varchar(11) DEFAULT NULL,
  `kode_pl` varchar(11) DEFAULT NULL,
  `status` varchar(10) DEFAULT NULL,
  `nama_val` varchar(50) DEFAULT NULL,
  `id_user` varchar(50) DEFAULT NULL,
  PRIMARY KEY (`id`) USING BTREE
) ENGINE=MyISAM AUTO_INCREMENT=464 DEFAULT CHARSET=utf8mb4;

/*Data for the table `tb_amprah` */

insert  into `tb_amprah`(`id`,`reqno`,`tanggal_req`,`waktu_req`,`kode_r`,`kode_pl`,`status`,`nama_val`,`id_user`) values 
(103,'AMP-010221-0055','2021-02-01','10:51:05','KEP','IT','3','NI MADE SUWITRI, SH.,MH','NI WAYAN HARMAENI,S.SOS'),
(104,'AMP-010221-0056','2021-02-01','15:17:27','KAS','IT','3','Nengah Mertajaya','Bu Srinadi'),
(105,'AMP-010221-0057','2021-02-01','15:18:18','PT','IT','3','','Kadek sriswandewi'),
(106,'AMP-020221-0058','2021-02-02','08:50:46','KEP','IT','3','Ni Made Suwitri','L.E Krisna Wilastari'),
(101,'AMP-010221-0054','2021-02-01','09:21:54','DIK','IT','3','Wayan Suarjaya','Wayan Suarjaya'),
(107,'AMP-020221-0059','2021-02-02','09:06:48','KEU','IT','3','Khaesa','Khaesa'),
(108,'AMP-030221-0060','2021-02-03','08:31:29','KAS','IT','3','Nengah Mertajaya','Bu Srinadi'),
(109,'AMP-040221-0061','2021-02-04','09:16:14','NAK','IT','3','','I Gst. Lanang suta'),
(110,'AMP-040221-0062','2021-02-04','10:53:48','KAS','IT','3','mertajaya','siluh'),
(113,'AMP-050221-0063','2021-02-05','11:41:39','KEU','IT','3','I Wayan Kariasa','Sang Putu Widnyana'),
(114,'AMP-080221-0064','2021-02-08','09:00:16','PDU','IT','3','Putu Cintariasih','Wayan Mudita'),
(115,'AMP-080221-0065','2021-02-08','11:38:39','IPS','IT','3','Ni Kadek Sukerni','I Wayan Punia'),
(116,'AMP-090221-0066','2021-02-09','09:21:32','BRA','IT','3','Ni Luh Putu Ari Sudiani','I Nyoman Angra wiguna'),
(117,'AMP-090221-0067','2021-02-09','11:01:21','KPR','IT','3','Dewa Gede Anom,S.Kep.,NS.MAP','I Wayan Darsana,S.kep.,Ns.MM'),
(122,'AMP-100221-0072','2021-02-10','11:22:33','RM','IT','3','Winiarti Zunafarida','I kadek juniarta'),
(119,'AMP-090221-0069','2021-02-09','15:08:58','GND','IT','3','luh kiki rindhayathi','dharmawan'),
(120,'AMP-100221-0070','2021-02-10','08:23:26','PB','IT','3','Drs.Mad Basri, Psi','A.A Gd Putra Sastra P'),
(121,'AMP-100221-0071','2021-02-10','08:37:34','KPR','IT','3','Ni putu Suparmini,S.Kep,.Ns','Ni putu Suparmini,S.Kep,.Ns'),
(232,'AMP-100321-0166','2021-03-10','10:58:38','DIK','IT','3','Wayan Suarjaya','Wayan Suarjaya'),
(124,'AMP-100221-0074','2021-02-10','14:55:41','LAB','IT','3','dr. Ni Komang Ayu Parmawati, Sp. PK','Adi Saputra'),
(125,'AMP-100221-0075','2021-02-10','15:28:34','RM','IT','3','Wiwin','Tata'),
(126,'AMP-110221-0076','2021-02-11','08:52:04','BRA','IT','3','Ni Luh Putu Ari Sudiani, S.Kep , Ns','Ns. Ni Wayan Mas Utami Garniswari, S.kep'),
(168,'AMP-110221-0109','2021-02-11','14:27:47','RM','IT','3','Winarti zunafarida','Kadek juniarta'),
(166,'AMP-110221-0107','2021-02-11','12:30:13','PND','IT','3','I Nengah Mertajaya','I Putu Agus Kertanegara'),
(154,'AMP-110221-0096','2021-02-11','10:48:25','KUN','IT','3','Ni Nyoman Deli, S.Kep.,Ns','Ns. Ni Made Dian Lesiawati, S.Kep'),
(144,'AMP-110221-0089','2021-02-11','10:02:48','NAK','IT','3','I Gusti Lanang Suta Jayendra, S.Kep.Ns','Ns. Ni Wayan Lia Utami, S.Kep Ns. Putu Eka Muliart'),
(156,'AMP-110221-0097','2021-02-11','10:50:18','PT','IT','3','I made wirnata, S.Kep., Ns','I made wirnata, S.Kep., Ns'),
(157,'AMP-110221-0098','2021-02-11','10:54:32','DRU','IT','3','Ni Wayan Suryani, S. Kep., Ns','Ns. Ni Wayan Suryantini, S.Kep'),
(173,'AMP-140221-0111','2021-02-14','10:23:37','BRA','IT','3','NLP Ari Sudiani','Ns. Ida Ayu Kartikasari, S.Kep.'),
(164,'AMP-110221-0105','2021-02-11','12:00:19','ARJ','IT','3','Luh Gede Eka Damiyanti , S.Kep.,Ns','Sang Putu Supartayasa, S.Kep.,Ns'),
(176,'AMP-160221-0114','2021-02-16','08:24:27','PND','IT','3','I Nengah Mertajaya','I Putu Agus Kertanegara'),
(175,'AMP-150221-0113','2021-02-15','10:06:13','PNJ','IT','3','Nyoman Sri Ekawati','I Nengah Budiawan'),
(142,'AMP-110221-0088','2021-02-11','09:58:15','GND','IT','3','Ni Luh Kiki Rindhayathi,S.Kep.Ns','Luh Putu Sintya Devi,A.Md.Kep'),
(143,'AMP-110221-0094','2021-02-11','10:04:42','PDU','IT','3','PUTU CINTARIASIH','NI MADE SRI PURNAMA SARI'),
(170,'AMP-110221-0110','2021-02-11','15:37:41','DAR','IT','3','Tatik Trisna Dewi','Ns. Kadek Sri Juniari Purnami, S.Kep'),
(174,'AMP-150221-0112','2021-02-15','08:50:39','PB','IT','3','I Made Wirnata, S.Kep. Ns','Ns. Putu Hena Pramonia Cita, S.Kep'),
(148,'AMP-110221-0092','2021-02-11','10:16:01','AGD','IT','3','Sang Putu Swatama, S.Kep., Ns','Ida Ayu Puspayani'),
(180,'AMP-170221-0118','2021-02-17','09:44:44','GND','IT','3','Ni Luh Kiki Rindhayathi','Ni Kadek Rikayanti'),
(150,'AMP-110221-0093','2021-02-11','10:19:32','SAH','IT','3','I Putu Redita, S.Kep., Ns.','Ni Kadek Sri Mirawati, A.Md.Kep'),
(177,'AMP-170221-0115','2021-02-17','09:07:41','DIR','IT','3','Dewa Gede Basudewa','Agus Gde Artha Prabawa'),
(165,'AMP-110221-0106','2021-02-11','12:06:40','PSI','IT','3','Drs.Mad Basri, Psi','A.A Gd Putra Sastra P'),
(179,'AMP-170221-0117','2021-02-17','09:11:17','KPR','IT','3','keperawatan','Agus Gde Artha Prabawa'),
(178,'AMP-170221-0116','2021-02-17','09:10:18','WAD','IT','3','Wadir ASD','Agus Gde Artha Prabawa'),
(231,'AMP-090321-0165','2021-03-09','13:42:40','GZ','IT','3','Agus Mulyana','A.A. Istri A. Swanitri,'),
(182,'AMP-180221-0120','2021-02-18','08:34:10','ARJ','IT','3','Ns. Luh Gede Eka Damiyanti, S.Kep','Ni Made Tri Ardiyani, A.Md.Kep'),
(183,'AMP-180221-0121','2021-02-18','09:06:22','HUM','IT','3','Ni Komang Ayu Trisnahari','Nengah Asri Nigsih'),
(184,'AMP-180221-0122','2021-02-18','09:14:52','KAS','IT','3','Nengah Mertajaya','Siluh'),
(185,'AMP-180221-0123','2021-02-18','10:04:37','FAR','IT','3','I Wayan Ardika Wirawan','Yulistia Novita'),
(186,'AMP-180221-0124','2021-02-18','11:44:29','KAS','IT','3','Nengah Mertajaya','Siluh'),
(188,'AMP-190221-0125','2021-02-19','11:51:46','RM','IT','3','Winarti zunafarida','Kadek juniarta'),
(189,'AMP-190221-0126','2021-02-19','23:05:30','DRU','IT','3','Ni Wayan Suryani, S.Kep., Ns','Ns. Ni Wayan Suryantini, S.Kep'),
(190,'AMP-200221-0127','2021-02-20','09:57:27','KAS','IT','3','I Nengah Mertajaya','Siuluh'),
(194,'AMP-220221-0131','2021-02-22','08:49:42','SEK','IT','3','Data & Informasi','Diah'),
(192,'AMP-210221-0129','2021-02-21','18:48:03','RM','IT','3','Winarti zunafarida','Pariani'),
(193,'AMP-210221-0130','2021-02-21','21:52:44','NAK','IT','3','I Gusti Lanang Suta Jayendra, S.Kep.Ns','ni kadek kembar dani sintaningsih'),
(195,'AMP-220221-0132','2021-02-22','09:15:30','KAS','IT','3','I Nengah Mertajaya','Ni Wayan Murniasih'),
(196,'AMP-220221-0133','2021-02-22','09:50:57','SAH','IT','3','I Putu Redita, S.Kep., Ns.','Ns. Ni Putu Widya Sulasmi, S.Kep.'),
(197,'AMP-220221-0134','2021-02-22','09:52:44','SAH','IT','3','I Putu Redita, S.Kep., Ns.','Ni Kadek Sri Mirawati, A.Md.Kep'),
(198,'AMP-220221-0135','2021-02-22','09:54:41','SAH','IT','3','I Putu Redita, S.Kep., Ns.','Ns.NI WAYAN DINA MARIANA,S.Kep'),
(199,'AMP-220221-0136','2021-02-22','11:13:25','JIW','IT','3','Putu Suparmini','Ni Nyoman Ariyanti'),
(200,'AMP-220221-0137','2021-02-22','11:32:08','LB','IT','3','Nengah Mertajaya','Ni Wayan Widyanti'),
(201,'AMP-230221-0138','2021-02-23','08:01:39','RM','IT','3','Winiarti Zunafarida','I kadek juniarta'),
(202,'AMP-230221-0139','2021-02-23','10:21:35','RM','IT','3','Winiarti Zunafarida','I kadek juniarta'),
(203,'AMP-230221-0140','2021-02-23','10:40:17','RM','IT','3','winarti zunafarida','Adel'),
(204,'AMP-250221-0141','2021-02-25','08:53:19','PND','IT','3','I Nengah Mertajaya,SH','sri arini'),
(205,'AMP-250221-0142','2021-02-25','09:06:02','RM','IT','3','winarti zunafarida','Intan'),
(206,'AMP-250221-0143','2021-02-25','12:37:09','LB','IT','3','I Nengah Mertajaya','Made Dana'),
(207,'AMP-250221-0144','2021-02-25','12:54:59','PNJ','IT','3','Kadek Suartini','Anggi'),
(208,'AMP-250221-0145','2021-02-25','13:10:17','PLY','IT','3','dr, Bagus','Pak Suyasa '),
(209,'AMP-260221-0146','2021-02-26','09:16:26','KEP','IT','3','Suitri','Rika '),
(210,'AMP-260221-0147','2021-02-26','09:19:34','UMM','IT','3','Desak Suarni','I Md Putra Sanjaya'),
(213,'AMP-260221-0148','2021-02-26','10:55:45','RM','IT','3','Zunafarida','Intan'),
(214,'AMP-260221-0149','2021-02-26','11:52:05','RM','IT','3','Ka instalasi rekam medis','Sagita manti'),
(215,'AMP-270221-0150','2021-02-27','08:02:19','GND','IT','3','luh kiki rindhayathi','Ni Made Sri Irawati'),
(216,'AMP-010321-0151','2021-03-01','09:31:23','PND','IT','3','I Nengah Mertajaya,SH','sri arini'),
(217,'AMP-010321-0152','2021-03-01','09:54:28','KEP','IT','3','Ni luh suwitri','Dw. Md. Agastya Krisandi.'),
(218,'AMP-010321-0153','2021-03-01','12:12:06','PND','IT','3','I Nengah Mertajaya,SH','widiyanti'),
(219,'AMP-010321-0154','2021-03-01','12:36:02','PND','IT','2','Nengah mertajaya','Ayu wintari'),
(222,'AMP-030321-0157','2021-03-03','11:39:54','PB','IT','3','Made Wirnata, S.Kep, Ns','Ns. Sang Ayu Made Dwiandini Lestari, S.Kep'),
(221,'AMP-020321-0156','2021-03-02','13:24:42','KAS','IT','3','I Nengah Mertajaya,SH','Murniasih'),
(223,'AMP-030321-0158','2021-03-03','12:15:34','KPR','IT','3','Ni Putu Suparmini.S.Kep.Ns','Ni Wayan Eka Restiani'),
(224,'AMP-030321-0159','2021-03-03','12:45:51','KPR','IT','3','Dewa Gede Anom,S.Kep.,NS.MAP','I Wayan Darsana,S.kep.,Ns.MM'),
(226,'AMP-040321-0160','2021-03-04','17:58:15','KPR','IT','3','DEWA GEDE ANOM','I WAYAN DARSANA'),
(227,'AMP-050321-0161','2021-03-05','09:20:45','SAH','IT','3','I Putu Redita','IGA Sri Devi Yasinta'),
(228,'AMP-070321-0162','2021-03-07','16:11:42','SAH','IT','3','Putu Redita','I Wayan Depa Suirianta'),
(229,'AMP-080321-0163','2021-03-08','08:25:33','KEP','IT','3','NI MADE SUWITRI, SH.,MH','NI WAYAN HARMAENI, S.SOS'),
(230,'AMP-080321-0164','2021-03-08','09:25:16','PND','IT','3','I Nengah Mertajaya','I Putu Agus Kertanegara'),
(233,'AMP-100321-0167','2021-03-10','14:09:50','RM','IT','3','winarti zunafarida','Sintya'),
(234,'AMP-160321-0168','2021-03-16','08:37:28','WAD','IT','3','Wadir Pelayanan','Diah '),
(235,'AMP-160321-0169','2021-03-16','09:22:29','PB','IT','3','Made Wirnata, S.Kep, Ns','Ns. Sang Ayu Made Dwiandini Lestari, S.Kep'),
(236,'AMP-170321-0170','2021-03-17','08:41:47','PND','IT','3','I Nengah Mertajaya,SH','sri arini'),
(240,'AMP-170321-0174','2021-03-17','11:27:20','PND','IT','3','I Nengah Mertajaya,SH','srinadi'),
(238,'AMP-170321-0172','2021-03-17','09:47:24','KEU','IT','3','Pak Kariasa','Ketut Santoso'),
(239,'AMP-170321-0173','2021-03-17','10:11:20','PB','IT','3','Made Wirnata, S.Kep, Ns','Ns. Sang Ayu Made Dwiandini Lestari, S.Kep'),
(241,'AMP-170321-0175','2021-03-17','13:15:23','LB','IT','3','I Nengah Mertajaya','Made Dana'),
(243,'AMP-180321-0176','2021-03-18','09:04:40','SAH','IT','3','I Putu Redita','IGA Sri Devi Yasinta'),
(244,'AMP-180321-0177','2021-03-18','09:45:03','RM','IT','3','winarti zunafarida','Sintya'),
(245,'AMP-220321-0178','2021-03-22','09:21:09','KEP','IT','3','Ni luh suwitri','Dw. Md. Agastya Krisandi.'),
(246,'AMP-220321-0179','2021-03-22','09:47:07','NEU','IT','3','Wirnata','Dokter Mira'),
(247,'AMP-220321-0180','2021-03-22','09:15:14','PB','IT','3','Made Wirnata, S.Kep Ners ','Ns. Sang Ayu Made Dwiandini Lestari, S.Kep'),
(248,'AMP-220321-0181','2021-03-22','11:01:29','KAS','IT','3','I Nengah Mertajaya','Bu Siluh'),
(249,'AMP-220321-0182','2021-03-22','14:38:22','PND','IT','3','I Nengah Mertajaya,SH','sri arini'),
(250,'AMP-230321-0183','2021-03-23','10:09:32','IPS','IT','3','I Wayan Rai Adi','I Wayan Rai Adi'),
(251,'AMP-230321-0184','2021-03-23','10:23:37','PND','IT','3','I nengah mertajaya, SH','I Pt Agus Kertanegara'),
(252,'AMP-230321-0185','2021-03-23','15:17:48','FAR','IT','3','I Wayan Ardika Wirawan','I Wayan Ardika Wirawan'),
(253,'AMP-250321-0186','2021-03-25','09:15:27','PND','IT','3','I Nengah Mertajaya,SH','sri arini'),
(254,'AMP-250321-0187','2021-03-25','09:24:45','PND','IT','3','I Nengah Mertajaya,SH','sri arini'),
(255,'AMP-260321-0188','2021-03-26','08:45:43','BRA','IT','3','Ni Luh Pt Ari Sudiani','I Nyoman Angra Wiguna'),
(256,'AMP-290321-0189','2021-03-29','12:50:33','AGD','IT','3','Sang Putu Swatama','Sang Putu Swatama'),
(257,'AMP-290321-0190','2021-03-29','13:17:05','KAS','IT','3','Nengah Mertajaya','Nengah Udiana'),
(258,'AMP-010421-0191','2021-04-01','14:38:55','FAR','IT','3','Anak Agung Sinta Indrani','I Wayan Eka Mertanaya'),
(259,'AMP-040421-0192','2021-04-04','12:35:20','DAR','IT','3','Tatik Trisna Dewi','Bayu Wedhayana'),
(260,'AMP-050421-0193','2021-04-05','13:45:34','PND','IT','3','I Nengah Mertajaya,SH','nengah udiana'),
(261,'AMP-060421-0194','2021-04-06','10:19:22','PND','IT','3','I Nengah Mertajaya','I Putu Agus Kertanegara'),
(262,'AMP-060421-0195','2021-04-06','10:57:28','PND','IT','3','I Nengah Mertajaya,SH','sri arini'),
(263,'AMP-060421-0196','2021-04-06','12:05:32','KAS','IT','3','I Nengah Mertajaya,SH','Murniasih'),
(264,'AMP-070421-0197','2021-04-07','12:48:16','KAS','IT','3','I Nengah Mertajaya,SH','Murniasih'),
(266,'AMP-080421-0198','2021-04-08','08:53:31','KPR','IT','3','Dewa Gede Anom,S.Kep.,NS.MAP','I Wayan Darsana,S.kep.,Ns.MM'),
(267,'AMP-090421-0199','2021-04-09','10:28:52','PND','IT','3','I Nengah Mertajaya,SH','sri arini'),
(268,'AMP-120421-0200','2021-04-12','10:21:22','PND','IT','3','I Nengah Mertajaya','Sang Putu Sudana Arta'),
(269,'AMP-120421-0201','2021-04-12','10:32:14','DRU','IT','3','Ni Wayan Suryani','Ni Made Wijayanti'),
(270,'AMP-190421-0202','2021-04-19','09:59:08','SK','IT','3','Desak marwati','Sintia'),
(272,'AMP-190421-0203','2021-04-19','10:11:20','LND','IT','3','I Nengah Budiawan,S.Kep.Ns.M,Kes','Ni Wayan lesminiartini'),
(273,'AMP-190421-0204','2021-04-19','10:18:22','DIR','IT','3','Bapak Direktur','Bapak Direktur'),
(274,'AMP-190421-0205','2021-04-19','11:17:33','KEP','IT','3','Ni luh suwitri','Dw. Md. Agastya Krisandi.'),
(275,'AMP-190421-0206','2021-04-19','11:58:50','KAS','IT','3','I Nengah Mertajaya,SH','Murniasih'),
(276,'AMP-210421-0207','2021-04-21','08:22:59','FAR','IT','3','I Wayan Ardika Wirawan','I Wayan Eka Mertanaya'),
(277,'AMP-210421-0208','2021-04-21','12:56:03','PND','IT','3','I Nengah Mertajaya,SH','sri arini'),
(278,'AMP-260421-0209','2021-04-26','09:10:29','PND','IT','3','I Nengah Mertajaya,SH','sri arini'),
(280,'AMP-260421-0210','2021-04-26','14:07:43','PND','IT','3','I Nengah Mertajaya','Sang Putu Sudana Arta'),
(281,'AMP-260421-0211','2021-04-26','14:59:04','KPR','IT','3','DEWA GEDE ANOM,S. Kep., Ns., MAP','I WAYAN DARSANA, S. Kep., Ns., MM'),
(282,'AMP-260421-0212','2021-04-26','14:58:35','SPI','IT','3','dr, Wara','Ida Dewa Ayu'),
(283,'AMP-270421-0213','2021-04-27','08:38:23','PLY','IT','3','dr. Dw Komang Perdana','dr. Dw Komang Perdana'),
(284,'AMP-270421-0214','2021-04-27','08:48:10','SEK','IT','3','Umumu','Desak Made Kartika Metriasih'),
(285,'AMP-270421-0215','2021-04-27','09:41:57','PND','IT','3','I Nengah Mertajaya','Sri Arini'),
(286,'AMP-270421-0216','2021-04-27','10:54:31','PND','IT','3','I Nengah Mertajaya','I Putu Agus Kertanegara'),
(287,'AMP-270421-0217','2021-04-27','13:33:32','PND','IT','3','I Nengah Mertajaya,SH','sri arini'),
(290,'AMP-290421-0218','2021-04-29','11:28:47','PND','IT','3','I Nengah Mertajaya,SH','Sri Arini'),
(291,'AMP-290421-0219','2021-04-29','12:45:40','PND','IT','3','I Nengah Mertajaya,SH','sri arini'),
(292,'AMP-300421-0220','2021-04-30','10:03:49','PND','IT','3','I Nengah Mertajaya,SH','sri arini'),
(293,'AMP-030521-0221','2021-05-03','08:32:59','PND','IT','3','I Nengah Mertajaya,SH','sri arini'),
(294,'AMP-030521-0222','2021-05-03','09:50:12','REH','IT','3','Ni putu suparmini','Putu Ary oktariani'),
(295,'AMP-030521-0223','2021-05-03','10:06:53','KAS','IT','3','I Nengah Mertajaya','Nengah Udiana'),
(296,'AMP-030521-0224','2021-05-03','11:38:09','BIS','IT','3','Kepala Ruangan Rsi Bisma','Komang Putriasih'),
(297,'AMP-040521-0225','2021-05-04','09:43:29','PND','IT','3','I Nengah Mertajaya','I Putu Agus Kertanegara'),
(298,'AMP-040521-0226','2021-05-04','11:44:59','KPR','IT','3','I Nyoman Muliawan ','INYOMAN MULIAWAN '),
(299,'AMP-050521-0227','2021-05-05','08:05:09','PND','IT','3','I Nengah Mertajaya,SH','sri arini'),
(300,'AMP-050521-0228','2021-05-05','08:18:07','KPR','IT','3','I Wayan Darsana','I Wayan Darsana'),
(301,'AMP-050521-0229','2021-05-05','09:16:10','PND','IT','3','I Nengah Mertajaya,SH','sri arini'),
(302,'AMP-050521-0230','2021-05-05','10:55:45','PND','IT','3','I Nengah Mertajaya,SH','mertajaya'),
(303,'AMP-050521-0231','2021-05-05','20:07:36','KAS','IT','3','I Nengah Mertajaya','Nengah Udiana'),
(304,'AMP-060521-0232','2021-05-06','08:44:42','PND','IT','3','I Nengah Mertajaya,SH','cok Bintang'),
(305,'AMP-060521-0233','2021-05-06','11:28:29','PND','IT','3','I Nengah Mertajaya','I Putu Agus Kertanegara'),
(306,'AMP-070521-0234','2021-05-07','09:11:19','BIS','IT','3','Komang Putriasih','Komang Putriasih'),
(307,'AMP-100521-0235','2021-05-10','09:08:33','LB','IT','3','I Nengah Mertajaya','Ayu Wintari'),
(308,'AMP-100521-0236','2021-05-10','10:49:50','PND','IT','3','I Nengah Mertajaya','I Putu Agus Kertanegara'),
(309,'AMP-110521-0237','2021-05-11','09:10:03','DIT','IT','3','IGS KESUMA PUTRA','IGS KESUMA PUTRA'),
(310,'AMP-110521-0238','2021-05-11','09:13:51','UMM','IT','3','Sang Putu Puspadana','Sang Putu Puspadana'),
(314,'AMP-110521-0242','2021-05-11','14:16:34','PT','IT','3','wirnata','wirnata'),
(312,'AMP-110521-0240','2021-05-11','10:29:15','PND','IT','3','I Nengah Mertajaya','I Putu Agus Kertanegara'),
(313,'AMP-110521-0241','2021-05-11','13:49:21','PLY','IT','3','Dr. Komang Perdana','Dr. Komang Perdana'),
(315,'AMP-130521-0243','2021-05-13','16:39:39','LAB','IT','3','LAB-IGD','LAB-IGD'),
(316,'AMP-130521-0244','2021-05-13','21:56:11','LAB','IT','3','LAB -IGD','LAB - IGD'),
(317,'AMP-130521-0245','2021-05-13','21:59:21','AGD','IT','3','Data & IT','Jordi Rahaditya'),
(318,'AMP-170521-0246','2021-05-17','14:53:17','PB','IT','3','Made Wirnata, S.Kep Ners ','Ns. Sang Ayu Made Dwiandini Lestari, S.Kep'),
(319,'AMP-180521-0247','2021-05-18','08:13:27','DIT','IT','3','Data & Teknologi Informasi','Data & Teknologi Informasi'),
(320,'AMP-180521-0248','2021-05-18','09:33:48','PNJ','IT','3','Bu Mangku Eka','Bu Mangku Eka'),
(321,'AMP-180521-0249','2021-05-18','11:07:34','REH','IT','3','Ni putu suparmini','Putu Ary oktariani'),
(324,'AMP-180521-0250','2021-05-18','12:37:43','PLY','IT','3','Dr. Komang Perdana','Pak Suyasa'),
(325,'AMP-190521-0251','2021-05-19','09:49:19','KAS','IT','3','I Nengah Mertajaya','Nengah Udiana'),
(326,'AMP-190521-0252','2021-05-19','10:34:42','PND','IT','3','I Nengah Mertajaya','I Putu Agus Kertanegara'),
(327,'AMP-190521-0253','2021-05-19','11:01:35','KAS','IT','3','Nengah Mertajaya','Nengah Udiana'),
(328,'AMP-190521-0254','2021-05-19','11:26:24','PLY','IT','3','dr. komang perdana','desi arisandi'),
(329,'AMP-200521-0255','2021-05-20','10:04:08','DIT','IT','3','IGS KESUMA PUTRA','IGS KESUMA PUTRA'),
(330,'AMP-200521-0256','2021-05-20','10:32:51','KPR','IT','3','Dewa Gede Anom, S.Kep., Ns., MAP','I Wayan Darsana, S.Kep., Ns., MM'),
(331,'AMP-200521-0257','2021-05-20','12:49:04','SK','IT','3','Ka instalasi Ranap Dewasa','Ketut Pariatni'),
(333,'AMP-210521-0258','2021-05-21','10:21:54','SK','IT','3','Ketut Pariatni, S.Kep, Ns.','dr. I Komang Ana Mahardika'),
(334,'AMP-210521-0259','2021-05-21','11:25:03','PLY','IT','3','dr. IGA Vivi Swayami, Sp.KJ','dr. I Komang Ana Mahardika'),
(335,'AMP-210521-0260','2021-05-21','11:26:09','KPR','IT','3','Nyoman suardika','Putu suparmini'),
(341,'AMP-250521-0263','2021-05-25','09:06:40','PND','IT','3','I Nengah Mertajaya','I Putu Agus Kertanegara'),
(339,'AMP-220521-0261','2021-05-22','09:59:15','LRM','IT','3','Adel','Pariani'),
(340,'AMP-240521-0262','2021-05-24','14:11:00','SK','IT','3','Ka instalasi Ranap Dewasa','Ketut Pariatni'),
(342,'AMP-270521-0264','2021-05-27','10:56:36','PND','IT','3','I Nengah Mertajaya','I Putu Agus Kertanegara'),
(343,'AMP-270521-0265','2021-05-27','13:16:05','LRM','IT','3','Adel','Pariani'),
(344,'AMP-270521-0266','2021-05-27','14:53:05','KPR','IT','3','Dewa Gede Anom, S.Kep., Ns., MAP','I Wayan Darsana, S.Kep., Ns., MM'),
(345,'AMP-280521-0267','2021-05-28','09:12:09','LAB','IT','3','dr. komang ayu parmawati','agus sajjana'),
(346,'AMP-310521-0268','2021-05-31','09:50:49','PND','IT','3','I Nengah Mertajaya,SH','sri arini'),
(347,'AMP-310521-0269','2021-05-31','10:45:37','PND','IT','3','I Nengah Mertajaya,SH','sri arini'),
(348,'AMP-310521-0270','2021-05-31','11:07:21','LAB','IT','3','dr. Ni Komang Ayu Parmawati, Sp.PK','dr. Ni Komang Parmawati, Sp.PK'),
(349,'AMP-310521-0271','2021-05-31','14:16:34','PND','IT','3','I Nengah Mertajaya,SH','sri arini'),
(350,'AMP-310521-0272','2021-05-31','14:18:18','PND','IT','3','I Nengah Mertajaya,SH','sri arini'),
(351,'AMP-020621-0273','2021-06-02','12:01:13','LB','IT','3','I Nengah Mertajaya','Ni Wayan Widyanti'),
(352,'AMP-020621-0274','2021-06-02','13:33:33','PND','IT','3','I Nengah Mertajaya','I Putu Agus Kertanegara'),
(353,'AMP-030621-0275','2021-06-03','08:09:05','LB','IT','3','I Nengah Mertajaya,SH','widiyanti'),
(354,'AMP-030621-0276','2021-06-03','09:25:23','BIS','IT','3','Komang Putriasih','Komang Putriasih'),
(355,'AMP-040621-0277','2021-06-04','08:58:12','KAS','IT','3','I Nengah Mertajaya,SH','Murniasih'),
(356,'AMP-040621-0278','2021-06-04','11:34:19','KAS','IT','3','I Nengah Mertajaya,SH','nengah udiana'),
(357,'AMP-040621-0279','2021-06-04','11:37:28','PND','IT','3','I Nengah Mertajaya,SH','sri arini'),
(358,'AMP-040621-0280','2021-06-04','11:53:23','PND','IT','3','I Nengah Mertajaya','I Putu Agus Kertanegara'),
(359,'AMP-040621-0281','2021-06-04','11:53:37','RM','IT','3','Winarti Zuna Farida','Ni Putu Nina Marheni'),
(360,'AMP-040621-0282','2021-06-04','12:10:36','LAB','IT','3','dr. Ni Komang Ayu Parmawati,Sp.PK','Maryanti'),
(361,'AMP-040621-0283','2021-06-04','12:34:52','RM','IT','3','Winarti Zuna Farida','Ni Putu Nina Marheni'),
(362,'AMP-040621-0284','2021-06-04','18:26:37','KAS','IT','3','I Nengah Mertajaya, SH','Srinadi'),
(363,'AMP-070621-0285','2021-06-07','08:10:04','KAS','IT','3','I Nengah Mertajaya,SH','srinadi'),
(364,'AMP-070621-0286','2021-06-07','08:13:20','KAS','IT','3','I Nengah Mertajaya,SH','sri arini'),
(367,'AMP-070621-0289','2021-06-07','15:03:52','LN','IT','3','Universitas Udayana','Fakultas Kedokteran '),
(366,'AMP-070621-0288','2021-06-07','14:08:18','PT','IT','3','Ni Putu Suparmini','Ni PutuSuparmini'),
(368,'AMP-080621-0290','2021-06-08','12:56:41','KAS','IT','3','I Nengah Mertajaya','Sri Arini'),
(369,'AMP-080621-0291','2021-06-08','13:09:05','KAS','IT','3','I Nengah Mertajaya','Srinadi'),
(370,'AMP-080621-0292','2021-06-08','14:34:27','KPR','IT','3','I Wayan Darsana','candra'),
(371,'AMP-090621-0293','2021-06-09','12:25:18','PLY','IT','3','dr. Komang Perdana','Desi Arisandi'),
(372,'AMP-100621-0294','2021-06-10','09:58:08','PND','IT','3','I Nengah Mertajaya','I Putu Agus Kertanegara'),
(373,'AMP-100621-0295','2021-06-10','10:09:33','WAD','IT','3','IGPt,G.Buana Parta,SKep.M.Kes','Wakil Direktur'),
(374,'AMP-100621-0296','2021-06-10','13:57:04','KPR','IT','3','Waayan Darsana','Candra'),
(375,'AMP-110621-0297','2021-06-11','09:22:37','PSI','IT','3','Drs.mad basri,psi','Gung sastra'),
(376,'AMP-140621-0298','2021-06-14','10:36:27','PSI','IT','3','Drs.Mad Basri,Psi','Gung sastra'),
(379,'AMP-150621-0301','2021-06-15','11:38:11','PND','IT','3','I Nengah Mertajaya','I Putu Agus Kertanegara'),
(378,'AMP-140621-0300','2021-06-14','12:24:25','AGD','IT','3','Sang putu swatam','I kadek artana'),
(380,'AMP-160621-0302','2021-06-16','08:16:46','KPR','IT','3','I WAYAN DARSANA, S.KEP., NS., MM','I NYOMAN WITARI, S.KEP., NS.'),
(381,'AMP-160621-0303','2021-06-16','09:18:47','AGD','IT','3','Sang Putu Swatama','Sang Putu Swatama'),
(382,'AMP-160621-0304','2021-06-16','09:22:18','AGD','IT','3','Sang Putu Swatama','Sang Putu Swatama'),
(383,'AMP-170621-0305','2021-06-17','08:34:38','LN','IT','3','Data dan informasi','Sekreatriat Tim Pusat Bali'),
(386,'AMP-170621-0306','2021-06-17','12:13:20','KPR','IT','3','Dewa Gede Anom,S.Kep.,NS.MAP','I Wayan Darsana,S.kep.,Ns.MM'),
(390,'AMP-180621-0309','2021-06-18','09:10:11','PLY','IT','3','dr. Komang Perdana','dr. Bagus Kusuma Dewa'),
(388,'AMP-170621-0308','2021-06-17','12:36:46','DAR','IT','3','Tatik Trisna Dewi','Bayu Wedhayana'),
(391,'AMP-180621-0310','2021-06-18','09:15:39','PNJ','IT','3','Bu Mangku Eka','Nengah Budiawan'),
(392,'AMP-180621-0311','2021-06-18','09:47:22','PND','IT','3','Nengah Mertajaya','Wayan Darya'),
(393,'AMP-180621-0312','2021-06-18','10:50:23','PND','IT','3','I Nengah Mertajaya','I Putu Agus Kertanegara'),
(394,'AMP-180621-0313','2021-06-18','12:30:18','SPRG','IT','3','I Nyoman Sukanada','Kadek Edi Palguna Manik'),
(395,'AMP-180621-0314','2021-06-18','12:34:04','KAS','IT','3','Nengah Mertajaya','Nengah Udiana'),
(396,'AMP-210621-0315','2021-06-21','09:32:26','REH','IT','3','Ari Oktarini','eko'),
(397,'AMP-210621-0316','2021-06-21','09:40:20','RM','IT','3','Winarti zunafarida','Adelia Virgonita'),
(399,'AMP-210621-0317','2021-06-21','13:04:50','SK','IT','3','Ka instalasi Ranap Dewasa','Ketut Pariatni'),
(400,'AMP-210621-0318','2021-06-21','13:51:44','PND','IT','3','I Nengah Mertajaya,SH','sri arini'),
(401,'AMP-220621-0319','2021-06-22','12:04:02','NAK','IT','3','I Gusti Lanang Suta Jayendra, S.Kep.Ns','ni kadek kembar dani sintaningsih'),
(402,'AMP-220621-0320','2021-06-22','13:33:42','SPRG','IT','3','I Wayan Puspa','I Wayan Puspa'),
(403,'AMP-230621-0321','2021-06-23','09:53:51','KUN','IT','3','Ni Nyoman Deli','Yuli Astiti'),
(404,'AMP-230621-0322','2021-06-23','10:06:36','GUD','IT','3','I Wayan Kariasa','I Nyoman Wirawan'),
(405,'AMP-230621-0323','2021-06-23','11:03:00','PSI','IT','3','Drs.Mad Basri,Psi','Gung Sastra'),
(406,'AMP-230621-0324','2021-06-23','11:22:17','NEU','IT','3','dr Mira','yunita'),
(407,'AMP-230621-0325','2021-06-23','11:28:16','SPRG','IT','3','I Nyoman Sukanada','Kadek Edi Palguna Manik'),
(408,'AMP-230621-0326','2021-06-23','12:30:01','PND','IT','3','Nengah Mertajaya','Sri Arini'),
(409,'AMP-230621-0327','2021-06-23','13:21:24','NAK','IT','3','I Gusti Lanang Suta Jayendra','A.A. Ayu Anggun Ika Dewi'),
(410,'AMP-230621-0328','2021-06-23','13:22:56','PMKP','IT','2','Luh Gede Parwati','Luh Gede Parwati'),
(411,'AMP-230621-0329','2021-06-23','14:00:31','KAS','IT','3','Nengah Mertajaya','Murniasih'),
(412,'AMP-240621-0330','2021-06-24','08:42:00','NAK','IT','3','I Wayan Darsana','Gusti Lanang Suta'),
(413,'AMP-240621-0331','2021-06-24','12:15:55','BRA','IT','3','Ni Luh Putu Ari Sudiani','I nyonan angra wiguna'),
(414,'AMP-250621-0332','2021-06-25','12:07:47','PND','IT','3','I Nengah Mertajaya,SH','sri arini'),
(415,'AMP-250621-0333','2021-06-25','12:40:45','PND','IT','3','I Nengah Mertajaya,SH','sri arini'),
(416,'AMP-250621-0334','2021-06-25','12:59:32','ABI','IT','3','Novi andari','Novi andari'),
(417,'AMP-280621-0335','2021-06-28','08:07:34','FAR','IT','3','Ardika Wirawan','Dewa Ayu Krisna'),
(418,'AMP-290621-0336','2021-06-29','10:06:06','PND','IT','3','I Nengah Mertajaya','Nengah Darya'),
(419,'AMP-290621-0337','2021-06-29','11:04:15','LRM','IT','3','Winarti zunafarida','Adelia virgonita'),
(420,'AMP-290621-0338','2021-06-29','11:59:54','ARJ','IT','3','I Nyoman Witari, S.Kep.,Ns','Eka Damiyanti'),
(421,'AMP-300621-0339','2021-06-30','09:13:59','LRM','IT','3','wiwin','tata nugraha'),
(422,'AMP-300621-0340','2021-06-30','13:00:34','PND','IT','3','Nengah Mertajaya','Nengah Darya'),
(423,'AMP-300621-0341','2021-06-30','14:43:28','KEP','IT','3','Ni Made Suwitri,SH.,MH','Ni Wayan Harmaeni'),
(424,'AMP-010721-0342','2021-07-01','09:14:42','BIS','IT','3','Komang Putriasih','Komang Putriasih'),
(425,'AMP-010721-0343','2021-07-01','11:07:05','LRM','IT','3','Winarti zunafarida','Adelia'),
(426,'AMP-010721-0344','2021-07-01','14:40:46','PND','IT','2','Nengah Mertajaya','Putu Agus Kertanegara'),
(427,'AMP-010721-0345','2021-07-01','14:43:16','PND','IT','3','I Nengah Mertajaya','Nengah Darya'),
(428,'AMP-020721-0346','2021-07-02','11:01:44','KAS','IT','3','Nengah Mertajaya','Nengah Udiyana'),
(429,'AMP-020721-0347','2021-07-02','12:05:21','PT','IT','3','Winarta','Ni Nyoman Arianti'),
(430,'AMP-050721-0348','2021-07-05','09:38:18','PLY','IT','3','Dr. Komang Perdana','Dr. Ni Nyoman Desi Asrini'),
(431,'AMP-050721-0349','2021-07-05','09:41:06','PND','IT','3','I Nengah Mertajaya,SH','sri arini'),
(432,'AMP-050721-0350','2021-07-05','12:51:21','LB','IT','3','Nengah Mertajaya','Widiyanti'),
(442,'AMP-070721-0358','2021-07-07','11:07:35','PSI','IT','3','Drs.Mad Basri,Psi','Sastra Pradnyana'),
(441,'AMP-070721-0357','2021-07-07','08:29:46','DIT','IT','2','IGS KESUMA PUTRA','IGS KESUMA PUTRA'),
(439,'AMP-060721-0355','2021-07-06','10:57:25','ABI','HUM','1','Widya','Nengah Asri Nigsih'),
(440,'AMP-060721-0356','2021-07-06','13:02:40','NEU','IT','3','Wirnata','yunita'),
(443,'AMP-080721-0359','2021-07-08','09:26:14','PB','IT','3','Md Wirnata','I Wyn Budiana'),
(444,'AMP-080721-0360','2021-07-08','09:45:20','NAK','IT','3','Gusti Lanang Suta','Ruang Nakula'),
(445,'AMP-080721-0361','2021-07-08','14:44:09','PLY','IT','3','dr komang perdana','dr. desi asrini'),
(447,'AMP-100721-0362','2021-07-10','17:03:58','GND','IT','3','Ni Luh Kiki Rindhayathi','I Gusti Agung Eka Purnama Dewi'),
(448,'AMP-120721-0363','2021-07-12','12:12:53','PND','IT','3','I Nengah Mertajaya','I Putu Agus Kertanegara'),
(449,'AMP-120721-0364','2021-07-12','12:23:12','PND','IT','3','I Nengah Mertajaya,SH','sri arini'),
(450,'AMP-140721-0365','2021-07-14','08:28:35','PND','IT','3','I Nengah Mertajaya,SH','cok Bintang'),
(451,'AMP-140721-0366','2021-07-14','09:30:36','PLY','IT','3','dr. Komang Perdana','Pande Md Sari Antari'),
(452,'AMP-140721-0367','2021-07-14','09:32:49','GZ','IT','3','A.A suanitri','Unyil'),
(453,'AMP-140721-0368','2021-07-14','10:20:02','PND','IT','3','I Nengah Mertajaya,SH','sri arini'),
(455,'AMP-140721-0369','2021-07-14','11:30:13','KPR','IT','3','Dewa Gede Anom, S.Kep., Ns., MAP','I Wayan Darsana, S.Kep., Ns., MM'),
(456,'AMP-150721-0370','2021-07-15','10:06:08','DIR','IT','2','Direktur','Diah sekpri'),
(457,'AMP-150721-0371','2021-07-15','10:18:26','BIS','HUM','1','Widya','Nengah Asri Nigsih'),
(458,'AMP-150721-0372','2021-07-15','10:54:41','WAD','IT','3','wadir pelayanan','wadir pelayanan'),
(459,'AMP-150721-0373','2021-07-15','11:52:11','UMM','IT','3','DESAK MADE SUARNI','I DEWA GEDE SUBRANA'),
(460,'AMP-150721-0374','2021-07-15','12:16:10','PND','IT','3','I Nengah Mertajaya','I Putu Agus Kertanegara'),
(462,'AMP-150721-0375','2021-07-15','16:13:22','KPR','IT','3','DEWA GEDE ANOM,S. Kep., Ns., MAP','I WAYAN DARSANA, S. Kep., Ns., MM'),
(463,'AMP-160721-0376','2021-07-16','09:24:32','PND','IT','3','I Nengah Mertajaya,SH','sri arini');

/*Table structure for table `tb_daring` */

DROP TABLE IF EXISTS `tb_daring`;

CREATE TABLE `tb_daring` (
  `id` int(11) NOT NULL AUTO_INCREMENT,
  `tanggal` date DEFAULT NULL,
  `waktu` time DEFAULT NULL,
  `pelaksana` varchar(50) DEFAULT NULL,
  `kegiatan` text,
  PRIMARY KEY (`id`)
) ENGINE=InnoDB AUTO_INCREMENT=58 DEFAULT CHARSET=latin1;

/*Data for the table `tb_daring` */

insert  into `tb_daring`(`id`,`tanggal`,`waktu`,`pelaksana`,`kegiatan`) values 
(3,'2021-03-24','12:00:00','Farmasi','Rapat komite Farmasi dan terapi RSJ Provinsi Bali'),
(4,'2021-03-25','10:00:00','Unit Pelayanan',' Gema Jiwa Santhi materi Pelayanan kesehatan jiwa masyarakat terintegrasi'),
(5,'2021-03-29','08:30:00','IT','Menindak lanjuti Peraturan Gubernur Nomor 5 Tahun 2021 tentang Pembentukan, Kedudukan, Susunan Organisasi, Tugas dan Fungsi Serta Tata Kerja Rumah Sakit di Lingkungan Pemerintah Provinsi Bali'),
(6,'2021-04-01','10:00:00','Unit Keperawatan','Rapat Bidang Keperawatan'),
(7,'2021-04-05','07:00:00','Pemprov Bali','Apel Disiplin '),
(8,'2021-04-06','08:00:00','RSJ PRov. Bali','Pitselnas VI KARS Komisi Akreditasi Rumah Sakit'),
(9,'2021-04-06','09:30:00','Bappeda Propinsi Bali',' Musrenbang Provinsi Bali'),
(10,'2021-04-07','09:00:00','Bappeda Provinsi Bali','Musrenbang Provinsi Bali'),
(11,'2021-04-07','09:00:00','RSJ Provinsi Bali',' Pitselnas VI KARS Komisi Akreditasi Rumah Sakit'),
(12,'2021-04-08','10:00:00','Unit Pelayanan',' Gema Jiwa Santhi  Tema : Tip Mencegah Kekambuhan Gangguan Jiwa'),
(13,'2021-04-07','13:00:00','Kominfo Provinsi Bali',' Rapat Tehnis  SIMRS'),
(15,'2021-04-16','10:00:00','Keperawatan','Topic: NURSING UPDATE'),
(16,'2021-04-20','10:00:00','Umum','Zona Integritas'),
(17,'2021-04-20','09:00:00','Pelayanan','Dokumentasi Senar'),
(18,'2021-04-21','09:00:00','Unit Pelayanan','Dokumentasi Snar'),
(19,'2021-04-21','10:00:00','Wadir Peyanan','Prosentasi penyedian SIMRS'),
(20,'2021-04-22','10:00:00','Unit Pelayanan','Gema Jiwa Santhi Tema :Kartini di Era Milenial'),
(21,'2021-04-27','11:00:00','Penunjang',' Kegiatan Daring Penyampaian hasil Pitselnas\r\n'),
(22,'2021-04-28','09:30:00','Umum','Sosialisasi Manajemen Kinerja PNS,Tata Cara Pengisian JPT dan Disiplin PNS'),
(23,'2021-04-28','10:00:00','BKD PROVINSI BALI','Pengarahan Disiplin Pagawai '),
(24,'2021-04-29','09:00:00','Keperawatan ','Rapat Bidang Keperawatan'),
(25,'2021-04-30','09:00:00','Keperawatan ',' Rapat  Bidang Keperawatan'),
(26,'2021-05-05','01:00:00','Komite Keperawatan',' Rapat Komite Keperawatan Persiapan Pelaksanaan Kredesial'),
(27,'2021-05-06','12:30:00','Pendapatan','Zoom Meeting BPJS Hari/tgl : Kamis,06-05-2021\r\nPukul : 12.30 wita sampai selesai'),
(28,'2021-05-18','09:07:00','Koprasi','Rapat Persiapan RAT(Pra RAT) '),
(29,'2021-05-20','11:00:00','PMKP','Rapat Evaluasi capaian indikator mutu Tw 1'),
(30,'2021-05-20','10:00:00','Unit Pelayanan','Gema Jiwa Santhi Tema : Manfaat Jamu Saintifikasi Bagi Kesehatan'),
(31,'2021-05-21','08:00:00','Unit Pelayanan','Daring Jabatan Fungsional Promkes'),
(32,'2021-05-24','09:00:00','Koprasi','Kegiatan RAT KPN RSJ Bangli Tahun Buku 2020'),
(33,'2021-05-24','15:27:00','Inspektorat','Rencana Aksi SP4N-LAPORProvinsi Bali Tahun 2021-2024'),
(34,'2021-05-24','15:27:00','Inspektorat','Rencana Aksi SP4N-LAPORProvinsi Bali Tahun 2021-2024'),
(35,'2021-05-28','21:01:00','Keperawatan','Rapat Pelatihan online PPI'),
(36,'2021-05-31','09:00:00','Sumprog','Rencana  Penyusunan DIHAKA Tahun 2022'),
(37,'2021-06-03','10:00:00','Pelayanan','Gema Jiwa Santhi Tema :Bullying dan Kesehatan Jiwa'),
(38,'2021-06-03','12:00:00','PMKP','Rapat PMKP'),
(39,'2021-06-07','09:57:00','PMKP',' Rapat Kredensial Keperawatan'),
(40,'2021-06-08','01:00:00','Keperawatan','Raapat IPKJI RSJ. Bali is inviting you to a scheduled zoom meeti'),
(42,'2021-06-10','09:00:00','Wadir ASD','Sosilisasi SKP'),
(43,'2021-06-11','10:00:00','Keperawatan','Link zoom untuk nursing'),
(44,'2021-06-15','08:30:00','Kominfo Provinsi  Bali','Kehumasan'),
(46,'2021-06-17','08:00:00','Sekretariat Tim Pusat Bali Bangkit ','Koodinasi Pelaporan Covid 19'),
(48,'2021-06-17','09:00:00','Kominfo Provinsi Bali','Tes TTD elektronik'),
(50,'2021-06-18','09:42:00','Ruangan Keperawatan','Nursing Apdite'),
(51,'2021-06-24','13:00:00','Unit Pelayanan','Gema Jiwa Santhi Tema : Rehabilitasi Upaya Perang Terhadap Narkoba'),
(52,'2021-07-01','00:00:00','Pelayanan','Rapat Rutin Komite Medik Dan Audit Kasus Kematian'),
(53,'2021-07-01','10:00:00','Data Dan Informasi','Pengimputan PMPRB Online Perangkat Daerah Tahun 2021'),
(54,'2021-07-17','10:00:00','Kemenkes','Undangan Evaluasidan Sosialisasi Update Pelaporan Covid 19 RS online'),
(55,'2021-07-08','13:00:00','Unit Pelayanan','Gema Jiwa Santhi Tema : Mengontrol Halusinasi dengan Pendekatan Holistik'),
(56,'2021-07-14','10:00:00','Kemenkes RI','Sosialisasi Apdite terbaru laporan Covid V:RS Online'),
(57,'2021-07-19','10:07:00','Kemenkes RI',' Rencana Relawan Validasi Data Tempat Tidur IGD Covid-19');

/*Table structure for table `tb_det_amprah` */

DROP TABLE IF EXISTS `tb_det_amprah`;

CREATE TABLE `tb_det_amprah` (
  `id` int(11) NOT NULL AUTO_INCREMENT,
  `reqno` varchar(20) DEFAULT NULL,
  `jp` varchar(11) DEFAULT NULL,
  `uraian` text,
  `status_val` varchar(50) DEFAULT NULL,
  `status_res` varchar(50) DEFAULT NULL,
  `tgl_req` varbinary(20) DEFAULT NULL,
  `wkt_req` varchar(20) DEFAULT NULL,
  `petugas` varchar(50) DEFAULT NULL,
  PRIMARY KEY (`id`)
) ENGINE=MyISAM AUTO_INCREMENT=382 DEFAULT CHARSET=utf8mb4;

/*Data for the table `tb_det_amprah` */

insert  into `tb_det_amprah`(`id`,`reqno`,`jp`,`uraian`,`status_val`,`status_res`,`tgl_req`,`wkt_req`,`petugas`) values 
(28,'AMP-010221-0055','HD-IT','Pemasangan cartridge printer laserjet','3','1','2021-02-01','2021-02-01','1'),
(27,'AMP-010221-0054','JR-IT','pemindahan 2 kompter untuk registrasi vaksin covid','3','1','2021-02-01','2021-02-01','1'),
(29,'AMP-010221-0056','SIM-IT','Hapus close bill NRM 039430','3','1','2021-02-01','2021-02-01','1'),
(30,'AMP-010221-0057','SIM-IT','Perbaikan billing pasien NRM 039430','3','1','2021-02-01','2021-02-01','1'),
(32,'AMP-020221-0058','JR-IT','Moho perbaikan kabel Lan/HAB tidak bisa conet.. suksma','3','1','2021-02-02','2021-02-02','2'),
(33,'AMP-020221-0059','MS-IT','Ms Ofiice corupt','3','1','2021-02-02','2021-02-02','1'),
(34,'AMP-030221-0060','SIM-IT','laporan closing kasir 2x close\r\nregno \'020221-013766\'','3','1','2021-02-03','2021-02-03','1'),
(35,'AMP-030221-0060','SIM-IT','laporan cosing kasir 2x close regno \'020221-013776\'','3','1','2021-02-03','2021-02-03','1'),
(25,'AMP-010221-0054','JR-IT','Pemasangan 2 kabel jaringan dan setting tempat vaksin Covid-19','3','1','2021-02-01','2021-02-01','1'),
(38,'AMP-040221-0062','SIM-IT','pindah tgl closing pasien idg-tgl 4 ke tgl 3 ,\r\nregno: 030221-013796','3','1','2021-02-04','2021-02-04','1'),
(37,'AMP-040221-0061','SIM-IT','Px Wayan Merta(021378) masih muncul di Simrs nakula padahal sdh transfer tgl 2/2/21','3','1','2021-02-04','2021-02-04','1'),
(42,'AMP-050221-0063','JR-IT','perbaikan jaringan internet','3','1','2021-02-05','2021-02-05','1'),
(43,'AMP-080221-0064','JR-IT','Komputer ruangan tersambung ke wifi tapi tidak bisa browsing dan buka SIMRs','3','1','2021-02-08','2021-02-08','2'),
(44,'AMP-080221-0065','MS-IT','Install Office dan aktivasi','3','1','2021-02-08','2021-02-08','3'),
(45,'AMP-080221-0065','MS-IT','Install Corel Draw','3','1','2021-02-08','2021-02-08','1'),
(46,'AMP-090221-0066','SIM-IT','Data dobel, pasien atas nama Budiani Gusti Ayu Putu (019028) mohon di hapus yg  regno 080221-013981','3','1','2021-02-09','2021-02-09','1'),
(47,'AMP-090221-0067','DR-IT','Rapat Sosialisasi Dupak Hari Rabu Tanggal 10 Februari 2021 jam 11.00 Wita','3','1','2021-02-09','2021-02-09','3'),
(144,'AMP-160321-0168','DR-IT','Morning Riport','3','1','2021-03-16','2021-03-16','3'),
(50,'AMP-090221-0069','SIM-IT','sim RS atas nama Mr. X Wirat tidak kelihatan \r\nuntuk tahun 2021\r\nNomor Cm ; 000004\r\ndinsos bangli','3','1','2021-02-09','2021-02-09','1'),
(52,'AMP-100221-0070','HD-IT','CPU tdk normal, ketika di hidupkan tdk mau masuk pd tampilan menu, selalu kembali restart.','3','1','2021-02-10','2021-02-10','1'),
(53,'AMP-100221-0071','HD-IT','Perbaikan keybord laptop ','3','1','2021-02-10','2021-02-10','1'),
(55,'AMP-100221-0072','SIM-IT','Penggabungan RM baru ke yang lama\r\nYg baru 039395, ke rm 033453\r\n','3','1','2021-02-10','2021-02-10','1'),
(57,'AMP-100221-0074','SIM-IT','tidak bisa narik data pasien','3','1','2021-02-10','2021-02-10','1'),
(58,'AMP-100221-0075','MS-IT','Instal printer dan jaringan','3','1','2021-02-10','2021-02-10','2'),
(59,'AMP-110221-0076','SIM-IT','Tambah Nama Nakes,\r\nNs. Ni Wayan Mas Utami Garniswari, S.kep\r\nNs. I Made Parayoga Dwipayana, S.kep\r\nNs. Desak Ayu Wulan Mas Swari, S.Kep\r\nNs. Putu Agus Widhi Adnyana S.P, S.Kep\r\nNs. Ida Ayu Kartika Sari, S.Kep','3','1','2021-02-11','2021-02-11','1'),
(78,'AMP-110221-0110','SIM-IT','Ns. Kadek Sri Juniari Purnami, S.Kep','3','1','2021-02-11','2021-02-11','1'),
(61,'AMP-110221-0088','SIM-IT','Luh Putu Sintya Devi,A.Md.Kep\r\nKetut Dewi Purniati,A.Md.Kep\r\nI Wayan Agus Virgantara,A.Md.Kep\r\nI Gst Nyoman Wiratnata,A.Md.Kep\r\nNs.Ni Putu Reni Riswantari,S.Kep\r\nNs.I Putu Edi Darmawan,S.Kep','3','1','2021-02-11','2021-02-11','1'),
(62,'AMP-110221-0092','SIM-IT','Kadek Gunantari Ariani\r\nNi Putu Eka Yanti\r\nIda Ayu Puspayani','3','1','2021-02-11','2021-02-11','1'),
(63,'AMP-110221-0089','SIM-IT','Ns. Ni Wayan Lia Utami, S.kep\r\nNs. Putu Eka Muliarta, S.kep\r\nNs. Ni Wayan Sarah Saraswati, S.kep\r\nNi Kadek Kembar Dani Sintaningsih, A.Md.kep\r\n\r\n','3','1','2021-02-18','2021-02-18','1'),
(66,'AMP-110221-0093','SIM-IT','Ns. Ni Luh Made Ari Irawati, S.Kep\r\nNs. Ni Made Cintia Prabhawidyaswari, S.Kep\r\nNs. Ni Putu Rina Puspitasari, S.Kep\r\nA.A. Mirah Trisnawati, A.Md.Kep','3','1','2021-02-11','2021-02-11','1'),
(65,'AMP-110221-0094','SIM-IT','NI MADE SRI PURNAMA SARI\r\nJERO EKA ASTAWA','3','1','2021-02-11','2021-02-11','1'),
(154,'AMP-220321-0178','JR-IT','Tidak ada internet','3','1','2021-03-22','2021-03-22','2'),
(155,'AMP-220321-0179','HD-IT','Komputer poli neuro tidak bias dipakai, billing tidak bisa','3','1','2021-03-22','2021-03-22','1'),
(156,'AMP-220321-0180','HD-IT','Pemasangan komputer ','3','1','2021-03-22','2021-03-22','1'),
(157,'AMP-220321-0181','SIM-IT','perbaikan data obat px  241220-012246 , RADITYA\r\nClorilex selisih Clozapin  x 5 1386 -> 1401 \r\nselisih Rp.75','3','1','2021-03-22','2021-03-22','1'),
(70,'AMP-110221-0097','SIM-IT','Ns.Putu Ika Puspita Dewi, S.Kep\r\nNs. Yunita Anggraini, S.Kep','3','1','2021-02-11','2021-02-11','1'),
(71,'AMP-110221-0098','SIM-IT','Ni Wayan Sri Damayanti, A.Md.Kep\r\nPutu Riantini Asmari, A.Md.Kep\r\nNi Wayan Uttistha Purwa Wihantari, A.Md.Kep\r\nNs. Ni Putu Hira Agustini Mahardani, S.Kep','3','1','2021-02-11','2021-02-11','1'),
(72,'AMP-110221-0096','SIM-IT','NI NYOMAN DELI, S.Kep.,Ns\r\nKOMANG PURNIASARI, S.Kep.,Ns\r\nYUN CAROLINA, A.Md.Kep\r\nKADEK DWI JUNIARINI, , S.Kep.,Ns\r\nDESAK PUTU DITA PRANILA, A.Md.Kep\r\nNs. NYOMAN SRI ARIWATI, S.Kep\r\nNs. NI MADE DIAN LESIAWATI, S.Kep\r\nNs. KADEK YULI ASTITI, S.Kep\r\nNI WAYAN SULASMI, SST\r\nL G ANTARI PAWITRI, SST. Kep\r\nNI NYOMAN ARYDAWANTI, S.Kep.,Ns\r\nYULIANTI TANDILOLO\r\nI A PT SURYA ADNYANI,  S.Kep.,Ns\r\nKADEK AYU MIRA PURWITA S, A.Md.Kep\r\nNI NYM AYU DARMA SANTHINI, A.Md.Kep\r\nNI PUTU ERNA SUSANTI, A.Md.Kep','3','1','2021-02-11','2021-02-11','1'),
(73,'AMP-110221-0106','MS-IT','Setting printer MMPI','3','1','2021-02-11','2021-02-11','1'),
(74,'AMP-110221-0105','SIM-IT','Ruang Arjuna: \r\nNi Luh Gede Prabayati,\r\nPutu Ety Priandari M., \r\nNi Made Tri Ardiyani,\r\nNi Putu Krisna Andiani,\r\nNi Nyoman Pradnya Paramitha D,\r\nA A Istri Dwi Mayuni,\r\nSang Putu Supartayasa','3','1','2021-02-11','2021-02-11','1'),
(75,'AMP-110221-0107','JR-IT','Pemasangan Kabel Lan ','3','1','2021-02-11','2021-02-11','2'),
(76,'AMP-110221-0107','MS-IT','Install Printer ','3','1','2021-02-11','2021-02-11','1'),
(77,'AMP-110221-0109','SIM-IT','No rm 039436 an. Putra Wijaya i Wayan ganti ke no rm 039017 an. Putra Winaya i Wayan atau dengan nama pasien yg sama (dobel input)','3','1','2021-02-11','2021-02-11','1'),
(79,'AMP-140221-0111','SIM-IT','Input nama di simrs','3','1','2021-02-14','2021-02-14','1'),
(80,'AMP-150221-0112','SIM-IT','Ns. Putu Hena Pramonia Cita, S.Kep','3','1','2021-02-15','2021-02-15','1'),
(81,'AMP-150221-0113','JR-IT','Wifi mati','3','1','2021-02-15','2021-02-15','1'),
(82,'AMP-160221-0114','SIM-IT','Buka kunci database kasir regno 151020-009658 (MR.X NASRUDIN) ','3','1','2021-02-16','2021-02-16','1'),
(83,'AMP-170221-0115','JR-IT','Perbaikan jaringan dan Wifi','3','1','2021-02-17','2021-02-17','2'),
(84,'AMP-170221-0116','JR-IT','perbaikan jaringan dan wifi','3','1','2021-02-17','2021-02-17','1'),
(85,'AMP-170221-0117','JR-IT','perbaikan jaringan','3','1','2021-02-17','2021-02-17','1'),
(86,'AMP-170221-0118','SIM-IT','Pasien atas nama I Wayan Tangkil, CM 039409 tidak terlihat kelas JKN nya yaitu kelas III mohon dibantu agar kelasnya bisa terlihat, suksma','3','1','2021-02-17','2021-02-17','1'),
(143,'AMP-100321-0167','JR-IT','Mesin antrian berbunyi gak wajar','3','1','2021-03-10','2021-03-10','3'),
(140,'AMP-090321-0165','JR-IT','Pemasangan jaringan WIFI di Instalasi Gizi','3','menunggu pengadaan wifi','2021-03-09','2021-03-09','7'),
(141,'AMP-100321-0166','DR-IT','Penerimaan dan pembekalan mahasiswa praktek\r\ntanggal: jumat 12 Maret 2021\r\njam: 09.00 - Selesai','3','1','2021-03-10','2021-03-10','3'),
(142,'AMP-180221-0120','SIM-IT','tambah nama dalam sim','3','1','2021-02-18','2021-02-18','1'),
(89,'AMP-180221-0121','MS-IT','Maintenace software komputer depan HUMAS','3','1','2021-02-18','2021-02-18','1'),
(90,'AMP-180221-0122','SIM-IT','Perbaikan billing pasien NRM 039488/ 170221-014343, Diryasa I wayan\r\npelayanan: 140.000\r\ntotal obat; 50364\r\nbhp: 2.846\r\nalkes: 0,0\r\ngrand total laporan: 193.210','3','1','2021-02-18','2021-02-18','1'),
(92,'AMP-180221-0123','MS-IT','Aplikasi di komputer tidak bisa digunakan','3','1','2021-02-18','2021-02-18','2'),
(93,'AMP-180221-0124','SIM-IT','180221-014360\r\nharga bill askep wna jadi askep','3','1','2021-02-18','2021-02-18','1'),
(95,'AMP-190221-0125','JR-IT','Jaringan dan hardware \r\nPemindahan perangkat komputer, barcode, printer di pendaftaran\r\nDan penambahan jaringan internet di pengolahan data rm','3','1','2021-02-19','2021-02-19','1'),
(96,'AMP-190221-0126','SIM-IT','Ni Wayan Uttistha Purwa Wihantari, A.Md.Kep','3','1','2021-02-19','2021-02-19','1'),
(97,'AMP-200221-0127','SIM-IT','Pasien batal perjanjian rawat inap regno, 190221-014441 aktifkan pasien kembali','3','1','2021-02-20','2021-02-20','1'),
(98,'AMP-210221-0129','SIM-IT','Nomor rm ganda an. Merta i gede\r\n028825 = 039448\r\nPindahkan no 039448 ke no 028825\r\nAwalnya Mr. X menjadi Merta i gede','3','1','2021-02-21','2021-02-21','1'),
(99,'AMP-210221-0130','SIM-IT','update sep\r\nnama pasien : I Wayan Punia\r\nNo cm : 011646\r\nNo Sep : 2206R0020221V000122\r\nNo JKN : 0002106228429','3','1','2021-02-21','2021-02-21','1'),
(100,'AMP-210221-0129','JR-IT','Koneksi printer barcode ke komputer lainnya','3','1','2021-02-22','2021-02-22','1'),
(101,'AMP-210221-0129','SIM-IT','Volume suara panggilan antrian terlalu keras ','3','1','2021-02-22','2021-02-22','1'),
(102,'AMP-220221-0131','HD-IT','Keyboard tidak bisa dipakai','3','1','2021-02-22','2021-02-22','1'),
(103,'AMP-220221-0132','SIM-IT','perbaikan billingan pasien dengan perawatan onedaycare','3','1','2021-02-22','2021-02-22','1'),
(104,'AMP-220221-0133','SIM-IT','Belum terdaftar pada SIM RS\r\n','3','1','2021-02-22','2021-02-22','1'),
(105,'AMP-220221-0134','SIM-IT','Nama Belum terdaftar pada SIM RS\r\n','3','1','2021-02-22','2021-02-22','1'),
(106,'AMP-220221-0135','SIM-IT','Nama belum terdaftar di SIM RS\r\n','3','1','2021-02-22','2021-02-22','1'),
(107,'AMP-220221-0136','SIM-IT','regno pasien 220221-014469\r\nbilling tidak terlihat di kasir','3','1','2021-02-22','2021-02-22','1'),
(108,'AMP-220221-0137','SIM-IT','Billing Pasien tidak muncul di sim  028704','3','1','2021-02-22','2021-02-22','1'),
(109,'AMP-230221-0138','SIM-IT','Minta tolong seting printer, tidak mau foto copy','3','1','2021-02-23','2021-02-23','1'),
(110,'AMP-230221-0139','JR-IT','Penambahan switch hub, kabel 2 titik komputer, ','3','1','2021-02-23','2021-02-23','2'),
(111,'AMP-230221-0140','JR-IT','Mohon penambahan jaringan internet di pengolahan data rm','3','1','2021-02-23','2021-02-23','2'),
(112,'AMP-250221-0141','SIM-IT','Px. I Made Darsana  Darsana diaktifkan kembali\r\nCM. 039421 / 270121-013526 \r\nMRS. 27-01-2021\r\n\r\npx. Ni Made Nomi diaktifkan kembali\r\nCM. 038442 / 060121-012720\r\nMRS. 06-01-2021\r\n','3','1','2021-02-25','2021-02-25','1'),
(113,'AMP-250221-0142','JR-IT','Koneksi antrian dengan simrs. Bunyi mesin gak wajar','3','1','2021-02-25','2021-02-25','1'),
(114,'AMP-250221-0142','SIM-IT','Simrs putus nyambung dari kemaren di kolom tgl lahir dan usia, dan hari ini ada salah hitung usia lagi + entri data di tgl lahir gak bisa save, berubah2','3','1','2021-02-25','2021-02-25','1'),
(115,'AMP-250221-0143','SIM-IT','Salah input billing dari poli pasien sudah terclose kasir\r\n039512/250221-014784','3','1','2021-02-25','2021-02-25','1'),
(116,'AMP-250221-0144','DR-IT','Set Zoom Rekanan dari penunjang','3','1','2021-02-25','2021-02-25','3'),
(117,'AMP-250221-0145','DR-IT','Set Daring Gema Jiwa Santi','3','1','2021-02-25','2021-02-25','3'),
(118,'AMP-260221-0146','DR-IT','Set Zoom Pengukuhan Pejabat Di Link Pemprov Bali','3','1','2021-02-26','2021-02-26','3'),
(119,'AMP-260221-0147','DR-IT','Apel Disiplin Pejabat 1Maret 2021 Jam 08.00','3','1','2021-02-26','2021-02-26','3'),
(121,'AMP-260221-0148','MS-IT','Sim rs nya lepas- lepas','3','1','2021-02-26','2021-02-26','1'),
(122,'AMP-260221-0149','MS-IT','Install aplikasi PDF(nitro pro)','3','1','2021-02-26','2021-02-26','1'),
(123,'AMP-270221-0150','SIM-IT','Pasien a/n DARPA NI NYOMAN (039468) pasien tidak dirawat di Graha Nisadha tetapi billing masuk Graha Nisadha\r\nPasien a/n ARRY KARISMA PUTRI NI MADE (035749) pasien tidak dirawat di Graha Nisadha tetapi billing masuk Graha Nisadha\r\nPasien a/n Mr.X Said (039433) saat reservasi kelas tidak di isi (pasien kelas III)','3','1','2021-02-27','2021-02-27','1'),
(124,'AMP-010321-0151','SIM-IT','PX. Ni Luh Putu Eka Sudarmiati \r\nCm. 038670/ 151220-011826\r\ndiaktifkan kembali','3','1','2021-03-01','2021-03-01','1'),
(125,'AMP-010321-0152','JR-IT','Penambahan kecepatan,, speedster..','3','1','2021-03-01','2021-03-01','1'),
(126,'AMP-010321-0152','JR-IT','Penambahan benwith','3','1','2021-03-01','2021-03-01','1'),
(127,'AMP-010321-0153','SIM-IT','px. Ni Nyoman Suratni\r\nCM. 013361 \r\nDiaktifkan kembali','3','1','2021-03-01','2021-03-01','1'),
(128,'AMP-010221-0054','SIM-IT','Untuk briging di v-claim membuat SEP fi tgl lahir penanggung jawab berubh mnjdi 1 mret 2021','3','1','2021-03-01','2021-03-01','1'),
(131,'AMP-010321-0154','SIM-IT','Data tgl lahir penanggungjawab tidak sesuai aplikasi VCLAIM','2','Diproses oleh vendor','2021-03-06','2021-03-06','4'),
(132,'AMP-030321-0157','JR-IT','tidak bisa akses internet','3','1','2021-03-03','2021-03-03','1'),
(130,'AMP-020321-0156','SIM-IT','Px. sang made oka sentana minta tolong di laporan kasir di rubah dari TGL 2 Maret 2021 menjadi tgl 1 Maret 2021','3','1','2021-03-02','2021-03-02','1'),
(133,'AMP-030321-0158','HD-IT','Perbaikn printer,tdk bsa ngprint ','3','1','2021-03-03','2021-03-03','1'),
(134,'AMP-030321-0159','DR-IT','Rapat Bidang Keperawatan hari kamis tanggal 4 Maret 2021 jam 13.00 WITA ','3','1','2021-03-03','2021-03-03','3'),
(135,'AMP-040321-0160','DR-IT','Permohonan link zoom Nursing Update , jumat 5 februari 2021 pk. 09.00 Wita','3','1','2021-03-04','2021-03-04','3'),
(136,'AMP-050321-0161','HD-IT','HDMI comfenter tidak mau menyala','3','1','2021-03-05','2021-03-05','3'),
(137,'AMP-070321-0162','MS-IT','Licensi key Microsoft Office sudah expired','3','1','2021-03-07','2021-03-07','1'),
(138,'AMP-080321-0163','JR-IT','MOHON KABEL HAB UNTUK 2 UNIT COMPUTER','3','1','2021-03-08','2021-03-08','2'),
(139,'AMP-080321-0164','SIM-IT','BUKA KUNCI\r\n1.NAMA   : PT LANANG PARTHAYASA\r\n   NO RM : 039450\r\n   REGNO : 060221-013897\r\n2.NAMA  : I WAYAN SUMIRTA\r\n   NO RM : 007551\r\n   REGNO : 200121-013226\r\n3.NAMA  : I WAYAN TANGKIL\r\n   NO RM : 039409\r\n   REGNO : 250121-018436\r\n4.NAMA : AYU FITRI ARYAWATI\r\n   NO RM : 039402\r\n   REGNO : 290121-013658\r\n5.NAMA : MADE DARSANA\r\n   NO RM : 039421\r\n   REGNO : 270121-013526','3','1','2021-03-08','2021-03-08','1'),
(145,'AMP-160321-0169','MS-IT','menambahkan microsoft office','3','1','2021-03-16','2021-03-16','1'),
(146,'AMP-170321-0170','SIM-IT','px. . I Kadek Juliawan \r\nCM. 012393\r\nMRS DI  SEP :  07-07-2020\r\nDi SIMRS  MRS :08-07-2020\r\nminta tolong gung di perbaiki sukseme','3','1','2021-03-17','2021-03-17','1'),
(150,'AMP-170321-0174','SIM-IT','PX. Ni Nyoman Widya\r\nCM. 015226\r\ndi rubah dari BPJS ke UMUM','3','1','2021-03-17','2021-03-17','1'),
(148,'AMP-170321-0172','JR-IT','Perbaikan jaringan','3','1','2021-03-17','2021-03-17','2'),
(149,'AMP-170321-0173','MS-IT','Install driver printer dan setting','3','1','2021-03-17','2021-03-17','1'),
(151,'AMP-170321-0175','SIM-IT','Pasien menghilang dari billing regno 170321-015558','3','1','2021-03-17','2021-03-17','1'),
(152,'AMP-180321-0176','JR-IT','Wifi di ruang sahadewa mati','3','1','2021-03-18','2021-03-18','2'),
(153,'AMP-180321-0177','JR-IT','Nomor antrian gak bisa panggil\r\nRusak atuh','3','1','2021-03-18','2021-03-18','1'),
(158,'AMP-220321-0182','SIM-IT','PX. Ni Nyoman Sari\r\ncm.012854 /241120-011023\r\nDiaktifkan kembali sukseme','3','1','2021-03-22','2021-03-22','1'),
(159,'AMP-230321-0183','JR-IT','Jaringan internet di IPSRS bermasalah','3','1','2021-03-23','2021-03-23','1'),
(160,'AMP-230321-0184','SIM-IT','Buka kunci regno 200221-014449','3','1','2021-03-23','2021-03-23','1'),
(161,'AMP-230321-0185','DR-IT','Setting zoom meeting di aula kecil lt.2 gedung utama utk rapat pada hari Rabu, 24 Maret 2021 pk. 12.00','3','1','2021-03-23','2021-03-23','3'),
(162,'AMP-250321-0186','SIM-IT','PX. I Gede Adi Jaya Yuhana\r\nCM.039534 / 020321-015081\r\nobat dihapus :\r\nAsam Folat 1 Mg.\r\nSimvastatin 20 Mg\r\nBisoprolol 5 mg\r\nRamipril 5 mg\r\nAspilet 80 Mg Chewablet tablet\r\nLodomer ( Haloperidol ) 5 mg','3','1','2021-03-25','2021-03-25','1'),
(163,'AMP-250321-0187','SIM-IT','PX. I Wayan Sumirta\r\nCM. 007551/ 200121-013226\r\nDiaktifkan kembali\r\n','3','1','2021-03-25','2021-03-25','1'),
(164,'AMP-260321-0188','SIM-IT','sim biling pasien graha nishada muncul di sim bratasena pasien atas nama LASIA NI KETUT (021276)','3','1','2021-03-26','2021-03-26','1'),
(165,'AMP-290321-0189','MS-IT','Microsoft exel inactive','3','1','2021-03-29','2021-03-29','2'),
(166,'AMP-290321-0190','SIM-IT','280321-016106 ARTIKA I GUSTI NGURAH PUTU salah cara bayar, dari jkn jadi tunai','3','1','2021-03-29','2021-03-29','1'),
(167,'AMP-010421-0191','JR-IT','WIFI di Instalasi Farmasi mati','3','1','2021-04-01','2021-04-01','1'),
(168,'AMP-040421-0192','SIM-IT','1. ubah tgl obat arinia tgl 4 april 2021 ke tgl 16 maret 2021\r\n2 ubah tanggal obat metformin & trajenta dari tgl 4 April ke tgl 25 maret 2021','3','1','2021-04-04','2021-04-04','1'),
(169,'AMP-050421-0193','SIM-IT','PX. Kadek Dwi Saputra \r\nCm.039701\r\nPasien  di clouse dua kali tolong di perbaiki di laporan kasir rawat jalan sukseme','3','1','2021-04-05','2021-04-05','1'),
(170,'AMP-060421-0194','SIM-IT','BUKA KUNCI \r\nNO RM/REGNO : 039562/130321-015422\r\nA/N MOORE-VAN DRIE ARIE WILLIAM','3','1','2021-04-06','2021-04-06','1'),
(171,'AMP-060421-0195','SIM-IT','Px. Ketut Sarinama\r\nCM. 026581 / 060321-015189\r\nDiaktifkan kembali','3','1','2021-04-06','2021-04-06','1'),
(172,'AMP-060421-0196','SIM-IT','PX. Moore Van Drie Arie William \r\nDi laporan kasir tgl. 6-4-2021 tolong dihapus \r\nSukseme.','3','1','2021-04-06','2021-04-06','1'),
(173,'AMP-070421-0197','SIM-IT','PX. Luh sriwahyuni\r\nCM. 037081 /070421-16546\r\nMInta tolong harga obat hexymer 2 Mg ( 09-2020) di ganti dengan Trihexyphenidyl 2 Mg Tablet\r\nSukseme','3','1','2021-04-07','2021-04-07','1'),
(174,'AMP-080421-0198','DR-IT','Daring Nursing Update hari jumat tanggal 9 April 2021 Pk. 10.00 WITA ','3','1','2021-04-08','2021-04-08','3'),
(175,'AMP-090421-0199','SIM-IT','PX. Ni Putu Seriase\r\nCm. 038722 / 170321-015596\r\nDi aktifkan kembali\r\nsukseme','3','1','2021-04-09','2021-04-09','1'),
(176,'AMP-120421-0200','HD-IT','Konek sharing printer LQ-590','3','1','2021-04-12','2021-04-12','1'),
(177,'AMP-120421-0201','JR-IT','Akses komputer lambat padahal sinyal WiFi full, Udah coba pake hotspot juga lambat padahal sinyal full.','3','1','2021-04-12','2021-04-12','2'),
(178,'AMP-040421-0192','SIM-IT','039474 Gede Arya Budana\r\nubah tgl obat  Loperamid 2mg & Omeprazole 20mg dari tgl 5/4/2021 ke 4/4/2021','3','1','2021-04-14','2021-04-14','1'),
(179,'AMP-190421-0202','SIM-IT','Mohon hapus 1 pasien a/n I Made Kartika (035075) (mrs tgl 16/4/21) di sim rs , karna ada 2 pasien di sim rs yang benar Mrs tgl 17/4/21 \r\n','3','1','2021-04-19','2021-04-19','1'),
(185,'AMP-190421-0205','JR-IT','Amprah wifi di sub bagian kepegawaian','3','1','2021-04-19','2021-04-19','1'),
(186,'AMP-190421-0206','SIM-IT','Px. Albert Radzevich \r\nCm. 039758\r\nLaporan kasir di masukkan tgl 18-4-2021\r\ndi tanggal 19-4-2021 dihapus \r\nsukseme','3','1','2021-04-19','2021-04-19','1'),
(184,'AMP-190421-0204','JR-IT','Scan sama Aplikasi','3','1','2021-04-19','2021-04-19','3'),
(183,'AMP-190421-0203','JR-IT','Pemasangan Wifi','3','menunggu pengadaan perangkat wifi','2021-04-19','2021-04-19','7'),
(187,'AMP-210421-0207','JR-IT','jaringan internet mati di instalasi farmasi','3','1','2021-04-21','2021-04-21','1'),
(188,'AMP-210421-0208','SIM-IT','PX. Ni Ketut darti\r\nCM. 039536 / 080321-015229\r\nDi aktifkan kembali\r\nsukseme','3','1','2021-04-21','2021-04-21','1'),
(189,'AMP-260421-0209','SIM-IT','1.PX. Ni Made suniti \r\n   CM. 013929\r\n2. PX.I Gusti Bagus Paramaduta Priharta\r\n    Cm.027774\r\nMInta tolong diaktifkan kembali\r\nSukseme','3','1','2021-04-26','2021-04-26','1'),
(192,'AMP-260421-0211','DR-IT','RAPAT BIDANG PERAWATAN, Kamis 29 April 2021 pk. 09.00 wita','3','ok','2021-04-26','15:00:17','3'),
(191,'AMP-260421-0210',NULL,'Buka kunci MR.X Kadir 039443 / 040221-013832','3','ok','2021-04-26','14:07:54','1'),
(193,'AMP-260421-0212','HD-IT','Perbaikan adwer Printer','3','Cek','2021-04-26','15:02:23','2'),
(194,'AMP-270421-0213','VID-IT','Simulasi Bencana HKB RSJ Provinsi Bali\r\nDalam rangka membangun kesiapsiagaan menghadapi ancaman bencana sekaligus memperingati Hari Kesiapsiagaan Bencana (HKB) yang jatuh setiap tanggal 26 April.\r\n','3','cek','2021-04-27','08:40:42','3'),
(195,'AMP-270421-0214','MS-IT','PC lambat','3','Cek','2021-04-27','08:52:14','3'),
(196,'AMP-270421-0215','MS-IT','Komputer terkena virus','3','ok','2021-04-27','09:42:26','1'),
(198,'AMP-270421-0216','SIM-IT','buka kunci\r\n035890/Mr. X (Phonimin)/100602-006159\r\n020229/I Nyoman Cenik/211120-010947','3','ok','2021-04-27','10:55:30','1'),
(205,'AMP-300421-0220','SIM-IT','PX. I Gusti Ngurah putu Ardita\r\nCM.022003 / 260321-016088\r\nDiaktifkan kembali\r\nsukseme','3','ok','2021-04-30','10:04:08','1'),
(199,'AMP-270421-0217','SIM-IT','PX. Ni wayan LIhni\r\ncm. 039497 / 200221-014442\r\ndiaktifkan kembali\r\nsukseme','3','ok','2021-04-27','13:34:01','1'),
(204,'AMP-290421-0219','SIM-IT','PX. Ida Ayu Ketut Aryani\r\nCM. 025726\r\nDi SIMRS pada kolom tarif tidak muncul biaya ( 0 )\r\nsukseme','3','proses','2021-04-29','12:46:24','1'),
(203,'AMP-290421-0218','MS-IT','Komputer terkena virus','3','OK','2021-04-29','11:29:12','1'),
(206,'AMP-030521-0221','SIM-IT','PX. I Made Adi Saputra\r\ncm. 039643\r\ndiaktifkan kembali \r\nsukseme','3','OK','2021-05-03','08:33:24','1'),
(207,'AMP-030521-0222','HD-IT','KOnek printer ke kumputer','3','Ok','2021-05-03','09:51:33','1'),
(208,'AMP-030521-0223','SIM-IT','PX 039829 - ter close 2x, regno 030521-017407','3','ok','2021-05-03','10:07:16','1'),
(209,'AMP-030521-0224','SIM-IT','CPU DAN KOMPUTER','3','Komputer mati total dilimpahkan ke IPSRS, operasio','2021-05-03','11:39:32','1'),
(210,'AMP-040521-0225','SIM-IT','BUKA KUNCI \r\nRM/REGNO : 025552/140421-016737\r\nA/N : I KT WIRAMA','3','Cek','2021-05-04','09:43:47','1'),
(211,'AMP-040521-0226','DR-IT','Rapat komite keperawatan persiapan pelaksanaan kredesial ','3','Cek','2021-05-04','11:47:25','3'),
(212,'AMP-050521-0227','SIM-IT','PX. Leni Widia Wati\r\nCM. 029254 / 0002114360728\r\ndiaktifkan kembali\r\nsukseme','3','Cek','2021-05-05','08:06:18','3'),
(213,'AMP-050521-0228','VID-IT','Perekaman Identitas Pasien Terlantar','3','Proses editing','2021-05-05','08:19:57','3'),
(214,'AMP-050521-0229','JR-IT','minta tolong CHROME tidak bisa di buka\r\nsukseme','3','Cek','2021-05-05','09:16:42','3'),
(215,'AMP-050521-0230','DR-IT','mohon persiapan ZOOM MEETING BPJS\r\nHari/TGL : kamis , 06-05-2021\r\nPukul : 12.30  sampai  Selesai\r\nSukseme','3','Cek','2021-05-05','10:56:24','1'),
(216,'AMP-050521-0231','SIM-IT','030521-017464 billing tidak balance kelebihan perawatan IPCU','3','ok','2021-05-05','20:07:52','1'),
(217,'AMP-060521-0232','SIM-IT','PX. Widi Arjaya Ketut\r\nCM. 039372 /  120121-012934\r\ndiaaktifkan kembali\r\nsukseme','3','ok','2021-05-06','08:45:15','1'),
(218,'AMP-060521-0233','SIM-IT','BUKA KUNCI\r\n1. 038084/120121-012921 (BUNTARI A.A. RAI\r\n2. 039450/060221-013897 (LANANG PARTAYASA I PT)\r\n3. 039495/190221-014439 (SANTRI WAYAN)\r\n4. 015438/250121-013433 (MD SUANDI)\r\n     \r\n','3','ok','2021-05-06','11:28:55','1'),
(219,'AMP-070521-0234','HD-IT','Pemasangan Komputer','3','Cek','2021-05-07','09:12:56','1'),
(220,'AMP-070521-0234','JR-IT','Setting Jaringan SIMRS','3','Cek','2021-05-07','09:13:12','1'),
(221,'AMP-100521-0235','SIM-IT','SIMRS Lelet','3','Cek','2021-05-10','09:08:57','1'),
(222,'AMP-100521-0235','SIM-IT','komputer 1 tidak dapat menampilkan PDF SEP','3','Cek','2021-05-10','09:09:16','2'),
(223,'AMP-100521-0236','SIM-IT','BUKA KUNCI\r\n025045/280121-013614\r\nA/N BUDIANA I MADE\r\n','3','ok','2021-05-10','10:50:09','1'),
(224,'AMP-110521-0237','VID-IT','Pembuatan Vidio RSJ Provinsi Bali mendukung dan berpartisipasi langsung dalam pencegahan penularan COVID -19','3','on proses','2021-05-11','09:11:41','3'),
(225,'AMP-110521-0238','VID-IT','Pembuata Vidio Wisata Berbasis Budaya di RSJ Prov. Bali','3','On Proses','2021-05-11','09:16:54','3'),
(226,'AMP-110521-0240','SIM-IT','BUKA KUNCI\r\n039747/110421-016699 A/N WIDIARI NI KDK','3','OK','2021-05-11','10:30:03','1'),
(232,'AMP-110521-0241','JR-IT','Pemasangan jaringan di wantilan untuk vaksinasi C.19','3','Cek','2021-05-11','13:49:46','2'),
(227,'AMP-110521-0240','SIM-IT','BUKA KUNCI 026030/080421-016615 A/N SUDIRJA I MD','3','OK','2021-05-11','12:29:20','1'),
(228,'AMP-110521-0240','SIM-IT','BUKA KUNCI 025552/140421-016737 A/N WIRAMA I KT','3','OK','2021-05-11','12:33:11','1'),
(229,'AMP-110521-0240','SIM-IT','BUKA KUNCI 039736/080421-016587 A/N WIJA ASTAWA I MD','3','OK','2021-05-11','12:33:26','1'),
(230,'AMP-110521-0240','SIM-IT','BUKA KUNCI 038262/160321-015501 A/N MITA ANSARI NI KMG','3','ok','2021-05-11','12:33:39','1'),
(231,'AMP-110521-0240','SIM-IT','BUKA KUNCI 018880/010421-016338 A/N UTARI NI MD','3','ok','2021-05-11','12:33:53','1'),
(233,'AMP-110521-0242','MS-IT','aplikasi EEG tidak bisa print warna','3','cek','2021-05-11','14:18:05','3'),
(234,'AMP-130521-0243','SIM-IT','Pasien tidak bisa dibilling RM 012463 dan 039869','3','Salah input pasie di IGD pindah ruang tapi tidak d','2021-05-13','16:40:12','1'),
(235,'AMP-130521-0244','SIM-IT','PX 039870 dari IGD tidak bisa dibilling di lab','3','PASIEN DARI IGD STATUS KELUAR TERINPUT TAPI TIDAK ','2021-05-13','21:56:34','1'),
(236,'AMP-130521-0245','SIM-IT','SIM Billing IGD terdapat Bug ketika melakukan input tindakan dokter, fitur status keluar pasien sedang dalam perbaikan','3','dilaporkan ke vendor untuk diperbaiki','2021-05-13','21:59:51','4'),
(237,'AMP-170521-0246','MS-IT','instal scanner di epson l3150','3','Cek','2021-05-17','14:53:53','3'),
(238,'AMP-180521-0247','DR-IT','Rapat Koperasi persiapan RAT pukul 09.00','3','Cek','2021-05-18','08:14:30','1'),
(239,'AMP-180521-0249','SIM-IT','Di salah satu komputer simrs tdk bisa hidup','3','Cek','2021-05-18','11:08:44','1'),
(240,'AMP-180521-0248','HD-IT','Pemasangan keyboard komputer','3','Cek','2021-05-18','11:21:08','1'),
(243,'AMP-180521-0250','HD-IT','Perbaikan printer','3','Cek','2021-05-18','12:39:59','1'),
(244,'AMP-190521-0251','SIM-IT','pasien RI pulang 18/05/2021 malam PX no.039856 kelebihan inputan kunjungan baru Rp.20.000','3','Cek','2021-05-19','09:49:51','1'),
(245,'AMP-190521-0252','SIM-IT','BUKA KUNCI\r\n039639/290321-016150\r\nSUDIATMIKA I MADE','3','Cek','2021-05-19','10:34:59','1'),
(246,'AMP-190521-0253','SIM-IT','pasien RI pulang 18/05/2021 malam PX no.039856 kelebihan inputan askep Rp.50.000','3','Cek','2021-05-19','11:01:53','1'),
(247,'AMP-190521-0254','MS-IT','setting printer','3','Cek','2021-05-19','11:26:51','1'),
(248,'AMP-200521-0255','VID-IT','Pengambilan vidio dan editing vidio','3','pass','2021-05-20','10:04:39','3'),
(249,'AMP-200521-0256','DR-IT','Rapat Tim Angka Kredit hari Jumat, 21 Mei 2021 Pk. 10.00 WITA','3','Cek','2021-05-20','10:33:30','3'),
(250,'AMP-200521-0257','SIM-IT','Komputer ( layar monitor) sim rs mati, tidak bisa di re start','3','Cek','2021-05-20','12:50:32','3'),
(251,'AMP-210521-0258','DR-IT','Permohonan Ruangan Zoom untuk rapat pembahasan SPO Penanganan COVID-19 jam 12.00\r\nLink akses zoom :\r\n\r\nRSJ Bali is inviting you to a scheduled Zoom meeting.\r\n\r\nTopic: Rapat Pembahasan SPO Penanganan COVID-19\r\nTime: May 21, 2021 12:00 PM Singapore\r\n\r\nJoin Zoom Meeting\r\nhttps://us02web.zoom.us/j/86546568245?pwd=K1IyMEZ5N3c2MnVhM1AxWlJzRzBtQT09\r\n\r\nMeeting ID: 865 4656 8245\r\nPasscode: 774038\r\nOne tap mobile\r\n+13017158592,,86546568245#,,,,*774038# US (Washington DC)\r\n+13126266799,,86546568245#,,,,*774038# US (Chicago)\r\n\r\nDial by your location\r\n        +1 301 715 8592 US (Washington DC)\r\n        +1 312 626 6799 US (Chicago)\r\n        +1 346 248 7799 US (Houston)\r\n        +1 646 558 8656 US (New York)\r\n        +1 669 900 9128 US (San Jose)\r\n        +1 253 215 8782 US (Tacoma)\r\nMeeting ID: 865 4656 8245\r\nPasscode: 774038\r\nFind your local number: https://us02web.zoom.us/u/kbdJoWJg9B\r\n\r\n','3','Cek','2021-05-21','10:22:51','3'),
(252,'AMP-210521-0259','DR-IT','Permohonan Ruang Zoom Meeting untuk Rapat Komite Medik dan Audit Medis Kasus Kematian tgl 24 Mei 2021 pukul 12.00-selesai\r\n\r\nLink zoom agar dibuka 30 menit sebelum acara ','3','Cek','2021-05-21','11:25:43','1'),
(253,'AMP-210521-0260','DR-IT','Pertemuan daring dengan keluarga pasien hari selasa tanggal 25 Mei 2021 jam 10\r\n\r\n\r\nLink Zoom :\r\nRSJ Bali is inviting you to a scheduled Zoom meeting.\r\nTopic: Pertemuan daring dengan keluarga pasien\r\nTime: May 25, 2021 10:00 AM Singapore\r\n\r\nJoin Zoom Meeting\r\nhttps://us02web.zoom.us/j/87278097045?pwd=bElsam1ncGJhNlB2dGhhTm5iL3dBZz09\r\n\r\nMeeting ID: 872 7809 7045\r\nPasscode: 090094\r\n\r\n\r\nFrom Data dan Informasi RSJ Bali\r\n','3','RSJ Bali is inviting you to a scheduled Zoom meeti','2021-05-21','11:26:54','3'),
(254,'AMP-220521-0261','SIM-IT','Nomor RM baru pindahin ke nomor RM lama karena px nya sama\r\nNomor RM lama: 034578\r\nNomor RM baru: 039895','3','Cek','2021-05-22','10:00:47','1'),
(255,'AMP-240521-0262','SIM-IT','Mohon penggantian nama dan nomor rekam medik pasien di sim rs\r\nDari nama \r\nMr X Rusmiati, tgl lahir 31/12/80,  no cm 039895 \r\nJaminan:GP\r\n\r\nke\r\n\r\nNama : Ni Made Utami Rusmiyanti\r\nTgl lahir : 16-05-1972\r\nNo cm : 034578\r\nJaminan kls 3 kis\r\n','3','sudah silakan di cek','2021-05-24','14:15:33','1'),
(256,'AMP-250521-0263','SIM-IT','BUKA KUNCI\r\n1. 037852/270421-017224 A/N BUDIARTA I MD\r\n2. 039579/170321-015614 A/N TIRTA NYM','3','OK','2021-05-25','09:06:53','1'),
(257,'AMP-270521-0264','SIM-IT','BUKA KUNCI\r\n1. 039753/140421-016740 A/N GIOVANA ANANTA SI NGR\r\n2. 038645/050521-017552 A/N I KT KENYEB\r\n3. 039761/180421-016810 A/N NI GST MD ARINI','3','OK SIP','2021-05-27','10:56:54','1'),
(258,'AMP-270521-0265','HD-IT','Mesin antrian tidak bisa memanggil','3','Cek','2021-05-27','13:18:12','1'),
(259,'AMP-270521-0266','DR-IT','RAPAT KREDENSIAL HARI SENIN 7 JUNI 2021 PK. 10.00 WITA','3','Cek','2021-05-27','14:53:21','2'),
(260,'AMP-280521-0267','JR-IT','tidak bisa tersambung internet dan tida terkoneksi jaringan sim rs.','3','sudah di perbaiki, untuk cactatan penambahan hub 1','2021-05-28','09:12:57','3'),
(261,'AMP-310521-0268','SIM-IT','px. ni kadek marni melati\r\ncm.039805 / 270421-017234\r\ndiaktifkan kembali\r\nsukseme','3','Cek','2021-05-31','09:51:23','1'),
(262,'AMP-310521-0269','SIM-IT','px. dana gusti putu\r\ncm. 034186 / 070521 - 017778\r\ndiaktifkan kembali\r\nsukseme','3','Cek','2021-05-31','10:46:08','1'),
(263,'AMP-310521-0270','JR-IT','Perbaikan internet ','3','Cek','2021-05-31','11:09:53','2'),
(264,'AMP-310521-0271','SIM-IT','px. agus imam supriadi\r\ncm. 034140\r\ndiaktifkan kembali\r\nsukseme','3','Tolong cantumkan nomor registrasi ','2021-05-31','14:17:05','1'),
(265,'AMP-310521-0272','SIM-IT','px.ni made tagel\r\ncm. 000467\r\ndiaktifkan kembali\r\nsukseme','3','Cek','2021-05-31','14:18:47','1'),
(266,'AMP-020621-0273','SIM-IT','020621-018673 aktifkan pasien kembali','3','Cek','2021-06-02','12:01:40','1'),
(267,'AMP-020621-0274','SIM-IT','BUKA KUNCI\r\n1. 039736/080421-016587 A/N WIJA ASTAWA','3','Cek','2021-06-02','13:33:55','1'),
(268,'AMP-030621-0275','SIM-IT','PX. I Wayan Darma\r\nCm. 015051\r\ntipe pasien salah seharusnya JKN tapi di SIM Biling ditulis UMUM\r\nSukseme','3','Cek','2021-06-03','08:09:39','1'),
(269,'AMP-030621-0276','SIM-IT','salah input no rm untuk laporan HIS PPI ncm 039911 harusnya 039941 data tidak bisa diedit oleh admin ruangan','3','Cek','2021-06-03','09:25:42','1'),
(270,'AMP-040621-0277','SIM-IT','PX. kadek agus mahardika\r\nCM. 039453\r\nbelum di clouse tgl 3  Juni 2021\r\nsukseme','3','Cek','2021-06-04','08:58:56','1'),
(271,'AMP-040621-0278','SIM-IT','PX. I Nengah Sudani\r\nCM. 039175\r\ndi laporan kasir umum muncul dua nama dihapus satu nama \r\nA/n .I Nenngah Sudani\r\nsukseme','3','Cek','2021-06-04','11:34:48','1'),
(272,'AMP-040621-0279','SIM-IT','PX. I Wayan Punia \r\nCM. 011646 \r\nMohon ditambah obat CURCUMA 1x1  dari tangggal \r\n19 april 2021 s/d 1 juni 2021\r\nsuksema','3','Penambahan obat curcuma 44x','2021-06-04','11:37:59','1'),
(273,'AMP-040621-0280','SIM-IT','BUKA KUNCI\r\n1. 018838/090421-016683 A/N SUARDANA I NYOMAN TGL MRS 9-4-2021 KRS 20-5-2021\r\n','3','Cek','2021-06-04','11:53:37','1'),
(274,'AMP-040621-0281','DT','Permintaan DATA NIK PASIEN dari bulan 1 s/d 4 2021','3','Cek','2021-06-04','11:55:43','2'),
(275,'AMP-040621-0282','SIM-IT','Px a/n I Putu Arta Wigunayasa (029031) belum terinput bilingan Gambaran Darah Tepi harga 150000 karena sudah di closed oleh kasir.','3','Cek','2021-06-04','12:14:43','1'),
(276,'AMP-040621-0283','DT','permintaan data kunjungan pasien IGD, RI, RJ tahun 2020 januari s/d 2020 juni dari database SIMRS','3','Cek','2021-06-04','12:35:11','2'),
(277,'AMP-040621-0284','SIM-IT','NRM / REGNO	: 	039933  /  300521-018588	\r\nNAMA PASIEN	: 	SEDANA WAYAN\r\naskep kelebihan tgl 2021-06-03','3','Cek','2021-06-04','18:28:29','1'),
(278,'AMP-070621-0285','SIM-IT','PX. Wayan Bayu Widiarta\r\nCM. 039908 / 230521-018296\r\ndiaktifkan kembali\r\nsukseme','3','Cek','2021-06-07','08:10:29','1'),
(279,'AMP-070621-0286','SIM-IT','PX. Wayan Bayu Widiarta CM. 039908 / 230521-018296 tanggal pulang salah input 2021-06-05','3','Cek','2021-06-07','11:04:50','1'),
(280,'AMP-070621-0288','MS-IT','Menambah aplikasi pemanggil Pasien','3','Cek','2021-06-07','14:09:43','3'),
(281,'AMP-070621-0289','DT','Permohonan Data Statistik Pasien dari Tahun 2019-2021','3','Sudah selesai','2021-06-07','15:05:56','2'),
(282,'AMP-080621-0290','SIM-IT','270521-018411 pasien kelebihan askep WNA','3','Cek','2021-06-08','12:57:10','1'),
(283,'AMP-080621-0291','SIM-IT','080621-018954 bill sudah dibayar dan ada kelebihan biling setelah close','3','tindakan lab kanabis dan tindakan lab Benzodeasepi','2021-06-08','13:09:29','1'),
(284,'AMP-080621-0292','DR-IT','Rapat IPKJI','3','RSJ Bali is inviting you to a scheduled Zoom meeti','2021-06-08','14:35:26','3'),
(285,'AMP-090621-0293','MS-IT','aktivasi office lisensi habis','3','Cek','2021-06-09','12:25:45','1'),
(286,'AMP-090621-0293','MS-IT','laptop lambat','3','Cek','2021-06-09','12:26:04','1'),
(287,'AMP-100621-0294','SIM-IT','BUKA KUNCI \r\n1. 039884/170521-018057 A/N SUTRIANI NI WYN','3','Cek','2021-06-10','09:59:29','1'),
(288,'AMP-100621-0295','DR-IT','Aprahan Zoom tetang sosialisasi rencana pembuatan SKP','3','Cek','2021-06-10','10:15:00','3'),
(289,'AMP-100621-0296','DR-IT','Link,Zoom untuk nursing dari Keperawatan','3','Cek','2021-06-10','14:05:59','1'),
(290,'AMP-110621-0297','JR-IT','Koneksi internet tidak stabil, sehingga tdk dpt mengakses sim rs dan aplikasi lainnya..','3','Cek','2021-06-11','09:23:55','1'),
(291,'AMP-140621-0298','JR-IT','Gangguan jaringan','3','kerusakan pada converter usb LAN agar ditindak lan','2021-06-14','10:37:23','1'),
(292,'AMP-140621-0300','SIM-IT','Gung tolong hapus pasien atas nama anak agung darma putra (008918) krn batal mrs','3','pasien regno 130621-019116/ sudah dibatalkan ','2021-06-14','12:24:58','1'),
(293,'AMP-150621-0301','SIM-IT','BUKA KUNCI\r\n1.036103/010121-012539 A/N MR X OON. MRS=1-1-2021.\r\n2.027089/020121-012546 A/N MR X BACTIAR. MRS=2-1-2021.\r\n3.039885/170521-018058 A/N SUPARMI NI LUH. MRS=17-5-2021.\r\n4.039896/220521-018289 A/N DOGLONG I MD. MRS=22-5-2021.','3','sudah diaktifkan','2021-06-15','11:38:29','1'),
(294,'AMP-160621-0302','JR-IT','Permohonan perbaikan dan pemasangan jaringan dengan kabel LAN','3','Cek','2021-06-16','08:17:16','3'),
(295,'AMP-160621-0303','MS-IT','Microsoft word (inactive) tidak bisa digunakan di komputer IGD (admin)','3','Cek','2021-06-16','09:19:24','3'),
(296,'AMP-160621-0304','MS-IT','Muncul tampilan malware di dekstop komputer(acer veriton) ruang karu, tidak bisa ditutup sehingga menutupi icon di pojok kanan bawah. ','3','Cek','2021-06-16','09:22:50','3'),
(297,'AMP-160621-0304','MS-IT','Komputer lambat ( Lola )','3','Cek','2021-06-16','09:25:53','3'),
(298,'AMP-170621-0306','DR-IT','nursing update hari jumat tanggal 18 Juni 2021 jam 09.00 WITA ','3','Cek','2021-06-17','12:13:33','1'),
(299,'AMP-170621-0308','SIM-IT',' 039187 I Putu Sukma Ariwinata Mengubah tgl penginputan obat tgl 17 Juni 2021 ke tgl 2 Juni 2021','3','Cek','2021-06-17','12:37:00','1'),
(300,'AMP-170621-0305','DR-IT','Koordinasi Pelaporan Covid-19','3','Cek','2021-06-18','08:51:43','5'),
(302,'AMP-180621-0309','DR-IT','Gema Jiwa Santi dengan tema; dukungan kesehhatan jiwa dan psikososial untuk kelompok rentan','3','Cek','2021-06-18','09:11:01','2'),
(303,'AMP-180621-0310','DR-IT','Rapat Bidang Penunjang','3','Cek','2021-06-18','09:16:23','3'),
(304,'AMP-180621-0311','SIM-IT','tambah obat \r\nomeprazol x 10\r\nparacetamol x 10\r\nsucralfat syrup x1\r\n\r\n260521-018410','3','Cek','2021-06-18','10:01:25','1'),
(305,'AMP-180621-0311','SIM-IT','billing obat px tidak balance dengan hasil akhir 190421-016917','3','Cek','2021-06-18','10:30:45','1'),
(306,'AMP-180621-0312','SIM-IT','BUKA KUNCI\r\n1. 039930/280521-018579 A/N WAYAN CANIS\r\n2. 015711/110621-019075 A/N I WYN SUKA','3','Cek','2021-06-18','10:50:58','1'),
(307,'AMP-180621-0313','MS-IT','Install Microsoft Fisio 2016 komputer Sunprog','3','Cek','2021-06-18','12:30:50','1'),
(308,'AMP-180621-0313','MS-IT','Install microsoft fisio 2013 laptop kasubag ','3','Cek','2021-06-18','12:33:05','1'),
(309,'AMP-180621-0314','SIM-IT','PX register= 150621-019186 billing terbayar awal 2.423.441\r\ndi simlaporan berubah 2.398.526\r\nobat selisih 24.915','3','Cek','2021-06-18','12:34:29','1'),
(310,'AMP-210621-0315','JR-IT','wifi di rehab tidak terkoneksi dengan baik.','3','Cek','2021-06-21','09:33:44','3'),
(311,'AMP-210621-0316','JR-IT','Mesin antrean tidak berbunyi','3','Cek','2021-06-21','09:40:56','1'),
(316,'AMP-220621-0319','SIM-IT','simnya saat menginput tiba - tiba tidak bisa loading baru dikembalikan langsung keluar dari sistem dan harus masukkan passwoad admin ','3','clear histotry/change ganti browser','2021-06-22','12:04:56','3'),
(314,'AMP-210621-0317','HD-IT','Komputer lelet, perlu diupgrade','3','Cek','2021-06-21','13:05:32','3'),
(315,'AMP-210621-0318','SIM-IT','PX. I Ketut Sumarta\r\nCM. 021456\r\ndiaktifkan kembali\r\nsukseme','3','PX diaktifkan Mrs 19-03-2021','2021-06-21','13:56:17','1'),
(317,'AMP-220621-0320','MS-IT','Menginstal Microsoft Visio 2007','3','done','2021-06-22','13:34:55','3'),
(318,'AMP-230621-0321','HD-IT','Monitor tidak bisa hidup','3','kemungkinan ada masalah pada kabel VGA sudah diata','2021-06-23','09:54:18','1'),
(319,'AMP-230621-0322','JR-IT','pemasangan kabel LAN','3','Cek','2021-06-23','10:08:26','2'),
(320,'AMP-230621-0323','JR-IT','setting ulang koneksi LAN','3','Cek','2021-06-23','11:03:24','1'),
(321,'AMP-230621-0324','SIM-IT','perbaikan jaringan SIMRS','3','Cek','2021-06-23','11:22:45','1'),
(322,'AMP-230621-0325','MS-IT','office bermasalah','3','install ulang','2021-06-23','11:28:37','1'),
(323,'AMP-230621-0326','SIM-IT','aktifkan pasien 010637/ mrs 21-04-2021','3','Cek','2021-06-23','12:30:20','1'),
(324,'AMP-230621-0326','SIM-IT','pasien RI data masuk ke IGD PX 039894 /mrs 08-06-2021','3','px tdk mendapatkan perawatan RI karena langsung di','2021-06-23','12:30:58','1'),
(325,'AMP-230621-0327','SIM-IT','SIMRS Nakula putus putus','3','akses enakan pake crome','2021-06-23','13:22:05','1'),
(326,'AMP-230621-0328','JR-IT','Amprah wifi di lantai 2 ruang sri kresna di unit PMKP','2','Cek','2021-06-23','13:23:26','7'),
(327,'AMP-230621-0329','HD-IT','Printer tidak keluar tinta hitam','3','Cek','2021-06-23','14:01:17','1'),
(328,'AMP-240621-0330','MS-IT','Komputer lambat dan kadang program tidak bisa dibuka','3','pergantian hardsk pc','2021-06-24','08:43:17','3'),
(329,'AMP-240621-0331','SIM-IT','Sim rs tiba tiba keluar....trus harus login ulang , kurang lebih Setiap 5 menit bisa 2 kali harus  login','3','Cek','2021-06-24','12:16:44','1'),
(330,'AMP-250621-0332','SIM-IT','PX. Jro Tantri\r\nCM. 008343 / 160521-017982\r\nObat tolong dihapus\r\n- difenhidramin inj.iv 10 mg/mi (HCL)\r\n- natrium diclofenac 50 mg\r\n- betahistine 6 mg\r\n- asam mefenamat 500 mg ( 09-2019)\r\nSukseme','3','Cek','2021-06-25','12:08:15','1'),
(331,'AMP-250621-0333','SIM-IT','PX. Dony Sanjaya Putu\r\nCM. 020741 / 190621- 019346\r\nDiaktifkan kembali\r\nSukseme','3','Cek','2021-06-25','12:42:27','1'),
(332,'AMP-250621-0334','DR-IT','LINK ZOOM\r\n\r\nRSJ Bali is inviting you to a scheduled Zoom meeting.\r\n\r\nTopic: Kejadian Hais berulang Covid 19 Ruang Abimanyu,\r\nTime: Jun 30, 2021 10:00 AM Singapore\r\n\r\nJoin Zoom Meeting\r\nhttps://us02web.zoom.us/j/81779349036?pwd=ZWFtM2J6cS9wcXNtNGRaa2hSMXFXUT09\r\n\r\nMeeting ID: 817 7934 9036\r\nPasscode: 195566\r\nOne tap mobile\r\n+12532158782,,81779349036#,,,,*195566# US (Tacoma)\r\n+13017158592,,81779349036#,,,,*195566# US (Washington DC)\r\n\r\nDial by your location\r\n        +1 253 215 8782 US (Tacoma)\r\n        +1 301 715 8592 US (Washington DC)\r\n        +1 312 626 6799 US (Chicago)\r\n        +1 346 248 7799 US (Houston)\r\n        +1 646 558 8656 US (New York)\r\n        +1 669 900 9128 US (San Jose)\r\nMeeting ID: 817 7934 9036\r\nPasscode: 195566\r\nFind your local number: https://us02web.zoom.us/u/kegUT5CaFK\r\n\r\n\" required>Daring untuk diskusi kasus \" kejadian hais berulang covid 19 ruang abimanyu, hari selasa pk.10.00 ---->LINK ZOOM\r\n\r\nRSJ Bali is inviting you to a scheduled Zoom meeting.\r\n\r\nTopic: Kejadian Hais berulang Covid 19 Ruang Abimanyu,\r\nTime: Jun 30, 2021 10:00 AM Singapore\r\n\r\nJoin Zoom Meeting\r\nhttps://us02web.zoom.us/j/81779349036?pwd=ZWFtM2J6cS9wcXNtNGRaa2hSMXFXUT09\r\n\r\nMeeting ID: 817 7934 9036\r\nPasscode: 195566\r\nOne tap mobile\r\n+12532158782,,81779349036#,,,,*195566# US (Tacoma)\r\n+13017158592,,81779349036#,,,,*195566# US (Washington DC)\r\n\r\nDial by your location\r\n        +1 253 215 8782 US (Tacoma)\r\n        +1 301 715 8592 US (Washington DC)\r\n        +1 312 626 6799 US (Chicago)\r\n        +1 346 248 7799 US (Houston)\r\n        +1 646 558 8656 US (New York)\r\n        +1 669 900 9128 US (San Jose)\r\nMeeting ID: 817 7934 9036\r\nPasscode: 195566\r\nFind your local number: https://us02web.zoom.us/u/kegUT5CaFK\r\n\r\n','3','RSJ Bali is inviting you to a scheduled Zoom meeti','2021-06-25','13:02:29','3'),
(333,'AMP-280621-0335','MS-IT','Layar komputer blank','3','Cek','2021-06-28','08:08:29','3'),
(334,'AMP-290621-0336','SIM-IT','160521-017982/ Jro Tantri LOS di bill 39 hari di SIM tercatat 40 hari','3','Cek','2021-06-29','10:06:31','1'),
(335,'AMP-290621-0337','HD-IT','Printer nyala dan mati sendiri secara terus menerus','3','Cek','2021-06-29','11:04:57','3'),
(336,'AMP-290621-0338','SIM-IT','PX RM 002575 /110521-017931\r\nUbah kapasitas ruangan kls 3 jadi kls 2\r\nvisite dokter umu jadi kelas 2\r\nvisite dokter spesialis jadi kelas 2','3','Cek','2021-06-29','12:14:27','1'),
(337,'AMP-300621-0339','JR-IT','tidak bisa terkoneksi internet dan pc hidup mati','3','cek','2021-06-30','09:14:48','3'),
(338,'AMP-300621-0340','SIM-IT','PX 030221-013793\r\npemeriksa radiologi harusnya 2x\r\ndibilling tercatat 3x\r\nhapus tgl 17/5/2021','3','Cek','2021-06-30','13:01:14','1'),
(339,'AMP-300621-0341','JR-IT','tidak bisa mengakses internet','3','Cek','2021-06-30','14:46:59','1'),
(340,'AMP-010721-0342','MS-IT','Minta tolong tidak bisa login ke google drive bisma','3','akun google ruangan terhapus, data sudah disingkri','2021-07-01','09:15:46','1'),
(341,'AMP-010721-0343','MS-IT','Download photoscape','3','Cek','2021-07-01','11:08:13','3'),
(343,'AMP-010721-0344','SIM-IT','Penambahan Modul SIMRS untuk claim verifikasi pasien Napsa ','2','Menunggu update SIMRS','2021-07-01','14:41:24','1'),
(344,'AMP-010721-0345','SIM-IT','hapus obat kelebihan input amlodipin dan paracetamol px 150621-019189','3','Cek','2021-07-01','14:43:32','1'),
(345,'AMP-020721-0346','SIM-IT','090421-016687 ada inputan visite dokter umum WNA, sedangpan pasien WNI tolong diubah suksma','3','Cek','2021-07-02','11:02:18','1'),
(346,'AMP-020721-0347','SIM-IT','Bill sudah di Closd, dan ada penambahan obat.','3','tambah obat metformin,\r\nasmfolat, amlodipin, allup','2021-07-02','12:06:46','1'),
(347,'AMP-050721-0348','DR-IT','Rapat bidang pelayanan medik membahas review pelayanan covid dan vaksinasi, tarif pelayanan dan rencana pelayanan penunjang medik untuk umum \r\nSelasa tgl 6 Juli 2021 Jam 11.00 s/d selesai\r\n \r\nLINK ZOOM!!\r\nJoin Zoom Meeting\r\nhttps://us02web.zoom.us/j/81564640690?pwd=bEFtVW1ibnV0Z01lblhMQ1A5a1VTdz09\r\n\r\nMeeting ID: 815 6464 0690\r\nPasscode: 179445','3','on proses','2021-07-05','09:40:14','3'),
(348,'AMP-050721-0349','SIM-IT','PX. I Wayan Sukerta yasa\r\nCM. 022869\r\nDiaktifkan kembali\r\nsukseme','3','Cek','2021-07-05','09:41:55','1'),
(349,'AMP-050721-0350','SIM-IT','020721-019929 ubah tipe pasien jadi JKN','3','Cek','2021-07-05','12:52:10','1'),
(361,'AMP-080721-0359','MS-IT','Tidak bisa menampilkan windowsh','3','Cek','2021-07-08','09:27:05','3'),
(360,'AMP-070721-0358','SIM-IT','Pasien salah tranfer ke darmawangsa atas nama Ni Ketut Juliantini','3','Cek','2021-07-07','11:08:08','1'),
(359,'AMP-070721-0357','DT','Permohonan  Data 10 Kasus tertinggi dan daftar nama Clinical Instructure di Rumah Sakit  Jiwa dari Stikes Kesdam','2','Cek','2021-07-07','08:30:30','2'),
(380,'AMP-150721-0375','DR-IT','Permohonan link zoom meeting nursing update tgl 16 juli 2021 pk. 10.00 wita','3','Cek','2021-07-15','16:15:05','3'),
(357,'AMP-060721-0355','TLP','Pasien BPL\r\n1.asri','1','Cek','2021-07-06','10:58:00','5'),
(358,'AMP-060721-0356','HD-IT','Printer di ruangan neuro tidak bisa di gunakan untuk ngprint. \"Printer is Offline\".','3','Cek','2021-07-06','13:03:10','3'),
(362,'AMP-080721-0360','SIM-IT','Setiap input kembali ke login','3','coba bukanya pakek google crome','2021-07-08','09:46:34','1'),
(363,'AMP-080721-0361','DR-IT','rapat pelayanan  link ZOOM\r\nRSJ Bali is inviting you to a scheduled Zoom meeting.\r\n\r\nTopic: Persiapan Skrinning Tenaga Kesehatan di RSJ Provinsi Bali dan Review Pengisian SSO\r\nTime: Jul 9, 2021 09:00 PM Singapore\r\n\r\nJoin Zoom Meeting\r\nhttps://us02web.zoom.us/j/81297315678?pwd=dHI4SnNnY3dOTURPc0tHbHNWMFcvZz09\r\n\r\nMeeting ID: 812 9731 5678\r\nPasscode: 088294\r\nOne tap mobile\r\n+12532158782,,81297315678#,,,,*088294# US (Tacoma)\r\n+13017158592,,81297315678#,,,,*088294# US (Washington DC)\r\n\r\nDial by your location\r\n        +1 253 215 8782 US (Tacoma)\r\n        +1 301 715 8592 US (Washington DC)\r\n        +1 312 626 6799 US (Chicago)\r\n        +1 346 248 7799 US (Houston)\r\n        +1 646 558 8656 US (New York)\r\n        +1 669 900 9128 US (San Jose)\r\nMeeting ID: 812 9731 5678\r\nPasscode: 088294\r\nFind your local number: https://us02web.zoom.us/u/kptKyYLZL\r\n\r\n\r\n','3','Cek','2021-07-08','14:44:52','3'),
(365,'AMP-100721-0362','JR-IT','ganguan interne wifi bermasalah','3','Cek','2021-07-10','17:07:12','1'),
(366,'AMP-120721-0363','SIM-IT','BUKA KUNCI \r\n006888/260621-019624 A/N SEMATRI PANDE KETUT','3','Cek','2021-07-12','12:13:13','1'),
(367,'AMP-120721-0364','SIM-IT','PX. Pande Ketut Sematri\r\nCM. 006888 / 260621-019624\r\ndiaktifkan kembali\r\nSukseme','3','Cek','2021-07-12','12:24:26','1'),
(368,'','JR-IT','penambahan jaringan wifi di ruang sub bagian tata usaha','1','Cek','2021-07-12','13:08:51','5'),
(369,'AMP-140721-0365','SIM-IT','PX. I wayan Agus Redita\r\nCM. 023914 / 130721 / 020352\r\ntolong dirubah tipe pasien menjadi PERDA\r\nsukseme','3','Cek','2021-07-14','08:29:43','1'),
(370,'AMP-140721-0366','MS-IT','Laptop lambat','3','Cek','2021-07-14','09:31:55','3'),
(371,'AMP-140721-0367','SIM-IT','simrs tidak bisa di akses','3','Cek','2021-07-14','09:33:43','7'),
(372,'AMP-140721-0368','SIM-IT','PX. Ida Bagus Putu Darmayasa\r\nCM.031573 /240621-019577\r\nDiaktifkan kembali\r\nsukseme','3','Cek','2021-07-14','10:20:26','1'),
(374,'AMP-140721-0369','DR-IT','Permohonan pengamprahan zoom meeting untuk praukom pk. 10.00 wita','3','RSJ Bali is inviting you to a scheduled Zoom meeti','2021-07-14','11:30:36','7'),
(375,'AMP-150721-0370','VID-IT','Edit timeline dan durasi pendik vidio stigma odgj','2','On proses','2021-07-15','10:07:29','3'),
(376,'AMP-150721-0371','TLP','Pasien BPL  : \r\n1. Pasien x ','1','Cek','2021-07-15','10:19:00','5'),
(377,'AMP-150721-0372','MS-IT','laptop lambat dan instal webex','3','Cek','2021-07-15','10:55:25','3'),
(378,'AMP-150721-0373','JR-IT','PEMASANGAN WIFI DIRUANG TATA USAHA (UMUM)','3','Cek','2021-07-15','11:52:31','7'),
(379,'AMP-150721-0374','SIM-IT','buka kunci\r\n032344/280621-019745 a/n widhia artha putra i md','3','Cek','2021-07-15','12:16:34','1'),
(381,'AMP-160721-0376','SIM-IT','PX. I Nyoman Seplang\r\nCM. 005180\r\nTolong dihapus obat :\r\n- Natrium Didofenac 50 mg\r\n- Ranitidin 150 mg\r\nSukseme','3','obat sudah dihapus','2021-07-16','09:25:22','1');

/*Table structure for table `tb_jp` */

DROP TABLE IF EXISTS `tb_jp`;

CREATE TABLE `tb_jp` (
  `id_jp` int(11) NOT NULL AUTO_INCREMENT,
  `nama_jp` varchar(20) DEFAULT NULL,
  `kode_p` varchar(11) DEFAULT NULL,
  `kode_jp` varchar(20) DEFAULT NULL,
  PRIMARY KEY (`id_jp`)
) ENGINE=MyISAM AUTO_INCREMENT=17 DEFAULT CHARSET=utf8mb4;

/*Data for the table `tb_jp` */

insert  into `tb_jp`(`id_jp`,`nama_jp`,`kode_p`,`kode_jp`) values 
(1,'JARINGAN','IT','JR-IT'),
(2,'SIMRS','IT','SIM-IT'),
(3,'HARDWARE','IT','HD-IT'),
(4,'SOFTWARE','IT','MS-IT'),
(5,'DARING','IT','DR-IT'),
(8,'DOKUMENTASI VIDEO','IT','VID-IT'),
(9,'DOKUMENTASI KEGIATAN','HUM','PIC-HUM'),
(10,'MENGHUBUNGI KELUARGA','HUM','TLP'),
(11,'INFORMASI DATA ','IT','DT'),
(12,'PENANGANAN PENGADUAN','HUM','ADU'),
(13,'PERMOHONAN INFORMASI','HUM','INFO'),
(14,'PENERIMAAN TAMU','HUM','TAMU'),
(15,'INSIDEN KESELAMATAN ','HUM','IKP'),
(16,'PUBLIKASI KEGIATAN','HUM','PUB');

/*Table structure for table `tb_monitoring` */

DROP TABLE IF EXISTS `tb_monitoring`;

CREATE TABLE `tb_monitoring` (
  `id` int(11) NOT NULL AUTO_INCREMENT,
  `tanggal` date DEFAULT NULL,
  `q1` text,
  `mon_soft` text,
  `sol_soft` text,
  `q2` text,
  `mon_hard` text,
  `sol_hard` text,
  `q3` text,
  `mon_jar` text,
  `sol_jar` text,
  PRIMARY KEY (`id`)
) ENGINE=InnoDB AUTO_INCREMENT=138 DEFAULT CHARSET=latin1;

/*Data for the table `tb_monitoring` */

insert  into `tb_monitoring`(`id`,`tanggal`,`q1`,`mon_soft`,`sol_soft`,`q2`,`mon_hard`,`sol_hard`,`q3`,`mon_jar`,`sol_jar`) values 
(32,'2021-03-18','Terdapat masalah / kendala','adanya masalah pada software mesin antrian tidak dapat melakukan panggilan dari jam 07:00 dilaporkan oleh petugas RM','adanya kesalahan pada database ketika input antrian baru, dan sudah teratasi','Berjalan dengan baik','--','--','Berjalan dengan baik','--','--'),
(33,'2021-03-01','Berjalan dengan baik','--','--','Berjalan dengan baik','--','--','Berjalan dengan baik','--','--'),
(34,'2021-03-02','Berjalan dengan baik','--','--','Berjalan dengan baik','--','--','Berjalan dengan baik','--','--'),
(35,'2021-03-03','Berjalan dengan baik','--','--','Berjalan dengan baik','--','--','Berjalan dengan baik','--','--'),
(36,'2021-03-04','Berjalan dengan baik','--','--','Berjalan dengan baik','--','--','Berjalan dengan baik','--','--'),
(37,'2021-03-05','Berjalan dengan baik','--','--','Berjalan dengan baik','--','--','Berjalan dengan baik','--','--'),
(38,'2021-03-07','Berjalan dengan baik','--','--','Berjalan dengan baik','--','--','Berjalan dengan baik','--','--'),
(39,'2021-03-08','Berjalan dengan baik','--','--','Berjalan dengan baik','--','--','Berjalan dengan baik','--','--'),
(40,'2021-03-09','Berjalan dengan baik','--','--','Berjalan dengan baik','--','--','Berjalan dengan baik','--','--'),
(41,'2021-03-10','Berjalan dengan baik','--','--','Berjalan dengan baik','--','--','Berjalan dengan baik','--','--'),
(42,'2021-03-11','Berjalan dengan baik','--','--','Berjalan dengan baik','--','--','Berjalan dengan baik','--','--'),
(44,'2021-03-12','Berjalan dengan baik','--','--','Berjalan dengan baik','--','--','Berjalan dengan baik','--','--'),
(45,'2021-03-15','Berjalan dengan baik','--','--','Berjalan dengan baik','--','--','Berjalan dengan baik','--','--'),
(46,'2021-03-16','Berjalan dengan baik','--','--','Berjalan dengan baik','--','--','Berjalan dengan baik','--','--'),
(47,'2021-03-17','Berjalan dengan baik','--','--','Berjalan dengan baik','--','--','Berjalan dengan baik','--','--'),
(49,'2021-03-19','Berjalan dengan baik','--','--','Berjalan dengan baik','--','--','Berjalan dengan baik','--','--'),
(52,'2021-03-22','Berjalan dengan baik','--','--','Berjalan dengan baik','--','--','Terdapat masalah / kendala','Terdapat permasalahan di Ruang Kepegawaiian, pada PC Absensi di bagian jaringan tidak bisa mengakses internet.','Perbaikan, memberikan akses ip Satik yang sebelumnya DHCP dan pc absensi bisa terkoneksi internet sperti semula.'),
(53,'2021-03-23','Berjalan dengan baik','--','--','Berjalan dengan baik','--','--','Berjalan dengan baik','--','--'),
(54,'2021-03-24','Berjalan dengan baik','--','--','Berjalan dengan baik','--','--','Terdapat masalah / kendala','1. terdapat masalah pada jaringan CNI oleh kominfo IPS Blocked, Generate code 204\r\n\r\n2. permasalahan koneksi ke server kemenkes dalam kegiatan vaksinasi ','1. sudah teratasi; konfirmasi ke kominfo\r\n\r\n2. session login; setiap user harus login bergiliran karena menggunkan user yang sama'),
(55,'2021-03-25','Berjalan dengan baik','--','--','Berjalan dengan baik','--','--','Berjalan dengan baik','--','--'),
(56,'2021-03-26','Berjalan dengan baik','--','--','Berjalan dengan baik','--','--','Berjalan dengan baik','--','--'),
(57,'2021-03-29','Berjalan dengan baik','--','--','Berjalan dengan baik','--','--','Berjalan dengan baik','--','--'),
(58,'2021-03-30','Berjalan dengan baik','--','--','Berjalan dengan baik','--','--','Berjalan dengan baik','--','--'),
(59,'2021-03-31','Berjalan dengan baik','--','--','Berjalan dengan baik','--','--','Berjalan dengan baik','--','--'),
(61,'2021-04-01','Berjalan dengan baik','--','--','Berjalan dengan baik','--','--','Berjalan dengan baik','--','--'),
(65,'2021-04-02','Berjalan dengan baik','--','--','Berjalan dengan baik','--','--','Berjalan dengan baik','--','--'),
(66,'2021-04-03','Berjalan dengan baik','--','--','Berjalan dengan baik','--','--','Berjalan dengan baik','--','--'),
(67,'2021-04-04','Berjalan dengan baik','--','--','Berjalan dengan baik','--','--','Berjalan dengan baik','--','--'),
(68,'2021-04-06','Berjalan dengan baik','--','--','Berjalan dengan baik','--','--','Berjalan dengan baik','--','--'),
(69,'2021-04-05','Berjalan dengan baik','--','--','Berjalan dengan baik','--','--','Berjalan dengan baik','--','--'),
(70,'2021-04-07','Berjalan dengan baik','--','--','Berjalan dengan baik','--','--','Terdapat masalah / kendala','Block internet akses dari ISP Kominfo karena terindikasi adanya SSH Bruce Force dari port 22','jaringan sudah diaktifkan kembali, tapi masih perlu pengecekan rinci terkait device yang melakukan SSH Bruce Force'),
(71,'2021-04-08','Berjalan dengan baik','--','--','Berjalan dengan baik','--','--','Berjalan dengan baik','--','--'),
(72,'2021-04-09','Berjalan dengan baik','--','--','Berjalan dengan baik','--','--','Berjalan dengan baik','--','--'),
(73,'2021-04-12','Berjalan dengan baik','--','--','Berjalan dengan baik','--','--','Berjalan dengan baik','--','--'),
(74,'2021-04-16','Berjalan dengan baik','--','--','Berjalan dengan baik','--','--','Berjalan dengan baik','--','--'),
(75,'2021-04-19','Berjalan dengan baik','--','--','Berjalan dengan baik','--','--','Berjalan dengan baik','--','--'),
(76,'2021-04-26','Berjalan dengan baik','--','--','Berjalan dengan baik','--','--','Berjalan dengan baik','--','--'),
(77,'2021-04-27','Berjalan dengan baik','--','--','Berjalan dengan baik','--','--','Berjalan dengan baik','--','--'),
(78,'2021-04-28','Berjalan dengan baik','--','--','Berjalan dengan baik','--','--','Berjalan dengan baik','--','--'),
(79,'2021-04-29','Berjalan dengan baik','--','--','Berjalan dengan baik','--','--','Terdapat masalah / kendala','Terdapat gangguan jaringan internet looping di poli neuro','Sudah teratasi dari IT '),
(80,'2021-04-30','Berjalan dengan baik','--','--','Berjalan dengan baik','--','--','Berjalan dengan baik','--','--'),
(81,'2021-05-05','Berjalan dengan baik','--','--','Berjalan dengan baik','--','--','Berjalan dengan baik','--','--'),
(82,'2021-05-06','Berjalan dengan baik','--','--','Berjalan dengan baik','--','--','Berjalan dengan baik','--','--'),
(83,'2021-05-03','Berjalan dengan baik','--','--','Berjalan dengan baik','--','--','Berjalan dengan baik','--','--'),
(84,'2021-05-04','Berjalan dengan baik','--','--','Berjalan dengan baik','--','--','Berjalan dengan baik','--','--'),
(85,'2021-05-10','Berjalan dengan baik','--','--','Berjalan dengan baik','--','--','Berjalan dengan baik','--','--'),
(86,'2021-05-11','Berjalan dengan baik','--','--','Berjalan dengan baik','--','--','Berjalan dengan baik','--','--'),
(87,'2021-05-12','Berjalan dengan baik','--','--','Berjalan dengan baik','--','--','Berjalan dengan baik','--','--'),
(88,'2021-05-13','Berjalan dengan baik','--','--','Berjalan dengan baik','--','--','Berjalan dengan baik','--','--'),
(89,'2021-05-14','Berjalan dengan baik','--','--','Berjalan dengan baik','--','--','Berjalan dengan baik','--','--'),
(90,'2021-05-15','Berjalan dengan baik','--','--','Berjalan dengan baik','--','--','Berjalan dengan baik','--','--'),
(91,'2021-05-16','Berjalan dengan baik','--','--','Berjalan dengan baik','--','--','Berjalan dengan baik','--','--'),
(92,'2021-05-17','Berjalan dengan baik','--','--','Berjalan dengan baik','--','--','Berjalan dengan baik','--','--'),
(93,'2021-05-18','Berjalan dengan baik','--','--','Berjalan dengan baik','--','--','Berjalan dengan baik','--','--'),
(94,'2021-05-19','Berjalan dengan baik','--','--','Berjalan dengan baik','--','--','Berjalan dengan baik','--','--'),
(95,'2021-05-20','Berjalan dengan baik','--','--','Berjalan dengan baik','--','--','Berjalan dengan baik','--','--'),
(96,'2021-05-20','Berjalan dengan baik','--','--','Berjalan dengan baik','--','--','Berjalan dengan baik','--','--'),
(97,'2021-05-24','Berjalan dengan baik','--','--','Berjalan dengan baik','--','--','Berjalan dengan baik','--','--'),
(98,'2021-05-25','Berjalan dengan baik','--','--','Berjalan dengan baik','--','--','Berjalan dengan baik','--','--'),
(100,'2021-05-26','Berjalan dengan baik','--','--','Berjalan dengan baik','--','--','Berjalan dengan baik','--','--'),
(101,'2021-05-27','Berjalan dengan baik','--','--','Berjalan dengan baik','--','--','Berjalan dengan baik','--','--'),
(102,'2021-05-28','Terdapat masalah / kendala','database untuk laporan surveilans infeksi hilang atau corupt, diidentifikasi kemungkinan ada kesalahan sistem pada jam tersebut','melakukan ekstrasi file backup database server tgl 27/05/2021','Berjalan dengan baik','--','--','Berjalan dengan baik','--','--'),
(103,'2021-06-02','Berjalan dengan baik','--','--','Berjalan dengan baik','--','--','Berjalan dengan baik','--','--'),
(104,'2021-06-02','Berjalan dengan baik','--','--','Berjalan dengan baik','--','--','Berjalan dengan baik','--','--'),
(105,'2021-06-03','Berjalan dengan baik','--','--','Berjalan dengan baik','--','--','Berjalan dengan baik','--','--'),
(106,'2021-06-04','Berjalan dengan baik','--','--','Berjalan dengan baik','--','--','Berjalan dengan baik','--','--'),
(108,'2021-06-07','Berjalan dengan baik','--','--','Berjalan dengan baik','--','--','Berjalan dengan baik','--','--'),
(109,'2021-06-08','Berjalan dengan baik','--','--','Berjalan dengan baik','--','--','Berjalan dengan baik','--','--'),
(110,'2021-06-10','Berjalan dengan baik','--','--','Berjalan dengan baik','--','--','Berjalan dengan baik','--','--'),
(112,'2021-06-09','Berjalan dengan baik','--','--','Berjalan dengan baik','--','--','Berjalan dengan baik','--','--'),
(113,'2021-06-15','Berjalan dengan baik','--','--','Berjalan dengan baik','--','--','Berjalan dengan baik','--','--'),
(114,'2021-06-16','Berjalan dengan baik','--','--','Berjalan dengan baik','--','--','Berjalan dengan baik','--','--'),
(116,'2021-06-21','Terdapat masalah / kendala','Ganguan pada mesin antrian karena terdapat perbaikan pada perangkat jaringan','melakukan restart dan konfigurasi database ulang karena data terputus ketika melakukan pelayanan','Berjalan dengan baik','--','--','Terdapat masalah / kendala','permasalahan pada jaringan Kominfo di perangkat internal rsj, port ETH12 tidak terbaca','konfigurasi ulang port internet dari kominfo dan pengalihan jalur yang rusak'),
(117,'2021-06-22','Berjalan dengan baik','--','--','Berjalan dengan baik','--','--','Berjalan dengan baik','--','--'),
(118,'2021-06-25','Berjalan dengan baik','--','--','Berjalan dengan baik','--','--','Berjalan dengan baik','--','--'),
(119,'2021-06-28','Berjalan dengan baik','--','--','Berjalan dengan baik','--','--','Berjalan dengan baik','--','--'),
(120,'2021-06-28','Berjalan dengan baik','--','--','Berjalan dengan baik','--','--','Berjalan dengan baik','--','--'),
(121,'2021-07-01','Berjalan dengan baik','--','--','Berjalan dengan baik','--','--','Berjalan dengan baik','--','--'),
(122,'2021-07-02','Berjalan dengan baik','--','--','Berjalan dengan baik','--','--','Berjalan dengan baik','--','--'),
(123,'2021-07-05','Berjalan dengan baik','--','--','Berjalan dengan baik','--','--','Berjalan dengan baik','--','--'),
(125,'2021-07-07','Berjalan dengan baik','--','--','Berjalan dengan baik','--','--','Berjalan dengan baik','--','--'),
(126,'2021-07-06','Berjalan dengan baik','--','--','Berjalan dengan baik','--','--','Berjalan dengan baik','--','--'),
(127,'2021-07-13','Berjalan dengan baik','--','--','Berjalan dengan baik','--','--','Berjalan dengan baik','--','--'),
(128,'2021-07-14','Berjalan dengan baik','--','--','Berjalan dengan baik','--','--','Berjalan dengan baik','--','--'),
(129,'2021-07-19','Berjalan dengan baik','--','--','Berjalan dengan baik','--','--','Berjalan dengan baik','--','--'),
(131,'2021-07-04','Berjalan dengan baik','--','--','Berjalan dengan baik','--','--','Berjalan dengan baik','--','--'),
(132,'2021-07-08','Berjalan dengan baik','--','--','Berjalan dengan baik','--','--','Berjalan dengan baik','--','--'),
(133,'2021-07-11','Berjalan dengan baik','--','--','Berjalan dengan baik','--','--','Berjalan dengan baik','--','--'),
(134,'2021-07-12','Berjalan dengan baik','--','--','Berjalan dengan baik','--','--','Berjalan dengan baik','--','--'),
(135,'2021-07-15','Terdapat masalah / kendala','Trafik jaringan Internet tidak stabil.','restart modem ISP','Berjalan dengan baik','--','--','Berjalan dengan baik','--','--'),
(136,'2021-07-16','Berjalan dengan baik','--','--','Berjalan dengan baik','--','--','Berjalan dengan baik','--','--'),
(137,'2021-07-09','Berjalan dengan baik','--','--','Berjalan dengan baik','--','--','Berjalan dengan baik','--','--');

/*Table structure for table `tb_petugas` */

DROP TABLE IF EXISTS `tb_petugas`;

CREATE TABLE `tb_petugas` (
  `id_petugas` int(11) NOT NULL AUTO_INCREMENT,
  `nama_petugas` varchar(50) DEFAULT NULL,
  `jabatan` varchar(50) DEFAULT NULL,
  PRIMARY KEY (`id_petugas`)
) ENGINE=InnoDB AUTO_INCREMENT=16 DEFAULT CHARSET=latin1;

/*Data for the table `tb_petugas` */

insert  into `tb_petugas`(`id_petugas`,`nama_petugas`,`jabatan`) values 
(1,'A.A. GDE JORDI RAHADITYA','IT'),
(2,'KOMANG AMMY PRASETYA','IT'),
(3,'AGUS GEDE ARTHA PRABAWA','IT'),
(4,'Pihak Ke 3/ Vendor','Ven'),
(5,'Belum Diperiksa',NULL),
(7,'Tim Teknis IT ','IT'),
(8,'Ni Luh Eni Indrawati','HUM'),
(9,'Ida Ayu Adnyani','HUM'),
(10,'I Kadek Agus Adhi Wiguna','HUM'),
(11,'Ni Nengah Asriningsih','HUM'),
(12,'Ni Komang Ayu Trisnahari','HUM'),
(13,'Tim Teknis Humas','HUM'),
(14,'Ni Komang Mega Asri Lestari ','IT'),
(15,'I Nyoman Arianto','IT');

/*Table structure for table `tb_ruang` */

DROP TABLE IF EXISTS `tb_ruang`;

CREATE TABLE `tb_ruang` (
  `id_ruang` int(11) NOT NULL AUTO_INCREMENT,
  `nama_ruang` varchar(20) DEFAULT NULL,
  `kode_ruang` varchar(10) DEFAULT NULL,
  PRIMARY KEY (`id_ruang`)
) ENGINE=MyISAM AUTO_INCREMENT=60 DEFAULT CHARSET=utf8mb4;

/*Data for the table `tb_ruang` */

insert  into `tb_ruang`(`id_ruang`,`nama_ruang`,`kode_ruang`) values 
(1,'ABIMANYU','ABI'),
(2,'IGD','AGD'),
(3,'PANDU','PDU'),
(4,'BRATASENA','BRA'),
(5,'SRI KRISNA','SK'),
(6,'DARMAWANGSA','DAR'),
(7,'KUNTI','KUN'),
(8,'SAHADEWA','SAH'),
(9,'DRUPADI','DRU'),
(10,'BISMA','BIS'),
(11,'NAKULA','NAK'),
(12,'ARJUNA','ARJ'),
(13,'GRAHANISADA','GND'),
(31,'POLI TIMUR','PT'),
(21,'KEUANGAN','KEU'),
(22,'KEPEGAWAIAN','KEP'),
(23,'PENDAPATAN','PND'),
(24,'KASIR ','KAS'),
(25,'LOKET BPJS','LB'),
(26,'LOKET REKAM MEDIS','LRM'),
(27,'FARMASI','FAR'),
(28,'PENUNJANG','PNJ'),
(29,'UMUM','UMM'),
(30,'KEPERAWATAN','KPR'),
(32,'POLI BARAT','PB'),
(33,'DIKLAT','DIK'),
(34,'LAUNDRY','LND'),
(35,'GIZI','GZ'),
(36,'IPSRS','IPS'),
(37,'GUDANG','GUD'),
(38,'REKAM MEDIS','RM'),
(39,'HUMAS','HUM'),
(40,'LABORATORIUM','LAB'),
(41,'RADIOLOGI','RTG'),
(42,'PSIKOLOGI','PSI'),
(43,'GIGI','GG'),
(44,'NEURO','NEU'),
(45,'PHISIOTERAPI','PHI'),
(46,'NAPZA','NAP'),
(47,'JIWA','JIW'),
(48,'PSIKO GERIATRI','PHG'),
(49,'REHABILITASI','REH'),
(50,'RUANG DIREKTUR','DIR'),
(51,'RUANG WADIR','WAD'),
(52,'RUANG SEKPRI','SEK'),
(53,'PELAYANAN','PLY'),
(54,'SPI','SPI'),
(55,'DATA & IT','DIT'),
(56,'Lainya..','LN'),
(57,'SUNPROG','SPRG'),
(58,'PMKP','PMKP'),
(59,'MANAJEMEN RS','MNG');

/*Table structure for table `tb_status` */

DROP TABLE IF EXISTS `tb_status`;

CREATE TABLE `tb_status` (
  `id_status` int(11) NOT NULL AUTO_INCREMENT,
  `mstatus` varchar(25) DEFAULT NULL,
  PRIMARY KEY (`id_status`)
) ENGINE=MyISAM AUTO_INCREMENT=4 DEFAULT CHARSET=utf8mb4;

/*Data for the table `tb_status` */

insert  into `tb_status`(`id_status`,`mstatus`) values 
(1,'Evaluasi'),
(2,'Proses'),
(3,'Selesai');

/*Table structure for table `tb_unit_p` */

DROP TABLE IF EXISTS `tb_unit_p`;

CREATE TABLE `tb_unit_p` (
  `id_unit_p` int(11) NOT NULL AUTO_INCREMENT,
  `nama_unit_p` varchar(20) DEFAULT NULL,
  `kode_p` varchar(10) DEFAULT NULL,
  PRIMARY KEY (`id_unit_p`)
) ENGINE=MyISAM AUTO_INCREMENT=19 DEFAULT CHARSET=utf8mb4;

/*Data for the table `tb_unit_p` */

insert  into `tb_unit_p`(`id_unit_p`,`nama_unit_p`,`kode_p`) values 
(1,'IT','IT'),
(18,'HUMAS','HUM');

/*Table structure for table `tb_user` */

DROP TABLE IF EXISTS `tb_user`;

CREATE TABLE `tb_user` (
  `id` int(11) NOT NULL AUTO_INCREMENT,
  `username` varchar(25) DEFAULT NULL,
  `password` varchar(50) DEFAULT NULL,
  `akses` int(6) DEFAULT NULL,
  `unit` varchar(20) DEFAULT NULL,
  `log` datetime DEFAULT NULL,
  `nama` varchar(30) DEFAULT NULL,
  `alamat` varchar(255) DEFAULT NULL,
  `hp` varchar(16) DEFAULT NULL,
  `str` varchar(50) DEFAULT NULL,
  PRIMARY KEY (`id`)
) ENGINE=MyISAM AUTO_INCREMENT=9 DEFAULT CHARSET=latin1;

/*Data for the table `tb_user` */

insert  into `tb_user`(`id`,`username`,`password`,`akses`,`unit`,`log`,`nama`,`alamat`,`hp`,`str`) values 
(8,'humas','3c85cb0a31cc09599a67923e301b43f2',8,'humas','2021-07-05 21:31:28','humas','rsj bali','081','1202samuh'),
(5,'myuser','00c66aaf5f2c3f49946f15c1ad2ea0d3',8,'IT','2021-01-27 22:18:37','user 2 bagus','LINGK- BR PURI AGUNG ','02854562','554321'),
(6,'jo','247fa5b9c86255719142ca99ab6fb73b',8,'IT','2021-02-04 09:08:15','Jordi','LINGK- BR PURI AGUNG ','089614785302','321ojnimda');

/*!40101 SET SQL_MODE=@OLD_SQL_MODE */;
/*!40014 SET FOREIGN_KEY_CHECKS=@OLD_FOREIGN_KEY_CHECKS */;
/*!40014 SET UNIQUE_CHECKS=@OLD_UNIQUE_CHECKS */;
/*!40111 SET SQL_NOTES=@OLD_SQL_NOTES */;
